product_id,product_category,region,base_price,competitor_price,inventory,demand_score,sales_last_7_days,customer_rating,discount_percent,season,promotion,page_views,price_elasticity,recommended_price
P0001,Beauty,East,3107.93,1719.13,243,54.7,55,2.6,39.0,Winter,0,7754,0.79,3007.88
P0002,Sports,East,7240.61,8290.75,306,59.0,257,4.1,9.3,Summer,1,6204,0.51,7756.72
P0003,Home & Kitchen,South,9549.52,6557.05,396,25.2,156,3.1,30.9,Summer,0,306,1.59,7988.1
P0004,Sports,West,7269.66,3707.86,14,78.4,53,2.7,3.5,Festival,0,6562,1.31,8100.85
P0005,Sports,North,8656.23,9198.39,461,98.6,187,3.3,15.3,Regular,0,3041,1.34,9071.85
P0006,Fashion,West,220.62,313.2,373,95.1,150,3.1,20.3,Summer,1,1467,0.67,246.41
P0007,Home & Kitchen,North,7232.21,2519.45,237,27.7,264,3.9,10.7,Regular,0,7810,1.41,5699.41
P0008,Home & Kitchen,East,8329.96,6030.33,199,88.8,250,3.4,21.2,Regular,1,8015,1.6,8265.11
P0009,Home & Kitchen,North,597.48,3807.92,399,73.4,298,4.9,35.3,Regular,0,4164,0.91,776.72
P0010,Sports,East,8741.66,6479.1,16,50.8,211,4.9,37.8,Regular,1,8351,1.66,8328.0
P0011,Beauty,West,2715.6,428.82,398,58.7,25,3.6,4.0,Winter,1,2602,0.89,2036.7
P0012,Home & Kitchen,East,6719.86,1381.86,413,86.5,294,4.5,10.9,Winter,0,9299,1.59,5823.99
P0013,Books,West,8043.48,1491.63,181,53.2,152,2.5,39.2,Festival,1,5457,0.36,6812.73
P0014,Sports,South,6694.11,2133.41,181,43.6,24,3.9,10.8,Winter,0,4783,1.24,5688.62
P0015,Fashion,South,1104.39,4920.3,221,54.4,252,4.4,27.7,Summer,1,2092,1.95,1435.71
P0016,Beauty,South,6043.95,7941.97,15,62.1,60,3.0,10.1,Winter,1,2231,1.97,7232.06
P0017,Books,East,5585.92,9525.16,450,27.0,66,2.7,14.3,Summer,0,4542,0.78,6165.86
P0018,Books,South,9023.15,8801.04,122,91.1,53,2.9,7.7,Summer,1,3608,1.05,9763.49
P0019,Fashion,North,4161.55,2211.88,168,70.7,106,3.6,34.3,Regular,0,9863,0.41,3837.14
P0020,Beauty,West,3346.59,4732.67,43,67.0,96,3.8,35.3,Festival,1,3708,1.78,4261.47
P0021,Sports,West,7548.54,2237.93,57,19.0,176,3.5,11.9,Regular,1,2744,1.27,6232.37
P0022,Electronics,North,4244.22,2909.35,222,64.4,39,3.6,32.9,Regular,0,3934,0.95,3920.45
P0023,Beauty,East,6531.74,5376.6,210,20.9,168,3.7,14.3,Winter,0,4830,0.49,6200.62
P0024,Fashion,East,6535.21,882.89,491,17.1,42,4.4,4.0,Winter,0,3334,1.91,4901.41
P0025,Books,West,8902.78,2431.56,316,57.5,104,2.8,30.3,Summer,1,6002,1.2,7730.57
P0026,Sports,South,6067.19,9833.1,364,46.3,204,4.4,23.9,Winter,1,7567,0.78,6591.77
P0027,Beauty,East,5121.11,4990.32,389,63.0,8,4.2,11.0,Winter,0,6212,0.9,5076.11
P0028,Electronics,East,1560.94,4776.39,60,18.0,282,4.4,10.1,Monsoon,1,5156,0.76,2029.22
P0029,Electronics,North,1334.23,330.33,122,48.8,43,4.3,39.0,Summer,0,2216,1.32,1119.65
P0030,Home & Kitchen,North,1712.35,2733.17,392,25.7,110,3.7,34.5,Summer,0,4447,1.88,1854.4
P0031,Home & Kitchen,South,1884.12,9120.14,257,98.8,210,3.0,32.4,Monsoon,0,7718,1.76,2449.36
P0032,Fashion,East,6451.2,1878.97,290,60.5,237,3.8,5.1,Summer,0,3442,1.08,5603.1
P0033,Beauty,East,7461.62,4464.09,272,71.9,49,4.9,30.2,Festival,0,3761,1.71,7774.24
P0034,Beauty,North,5393.92,327.89,295,39.3,115,4.0,8.6,Festival,0,5929,1.02,4626.89
P0035,Books,East,8324.37,5116.42,337,18.5,155,2.5,39.1,Monsoon,0,1636,0.73,6923.09
P0036,Books,West,9914.38,396.94,184,97.8,137,2.6,2.1,Winter,1,9456,1.97,8547.22
P0037,Books,North,8236.12,8638.37,419,35.8,167,5.0,14.1,Festival,0,7188,0.82,8500.75
P0038,Home & Kitchen,South,7009.85,8692.49,362,48.1,199,2.7,17.1,Monsoon,0,7712,0.85,6941.22
P0039,Beauty,North,5418.43,8309.5,239,68.5,71,2.6,33.0,Festival,0,7454,1.98,6595.73
P0040,Beauty,East,4598.76,3104.32,347,12.2,7,3.4,30.6,Regular,0,9887,0.53,3977.27
P0041,Electronics,South,1027.05,8820.29,200,82.9,200,4.9,15.0,Monsoon,0,9592,1.59,1335.16
P0042,Home & Kitchen,North,4113.81,5783.74,312,58.3,67,3.3,22.6,Summer,0,8606,1.89,4645.4
P0043,Sports,West,9119.32,4037.7,84,35.0,138,3.5,33.4,Festival,0,3989,1.17,8613.17
P0044,Home & Kitchen,West,8118.62,6633.41,139,15.5,242,4.1,0.7,Summer,1,3249,0.3,7161.77
P0045,Sports,North,2317.3,307.36,26,24.6,213,2.6,32.1,Monsoon,0,9868,0.94,1869.68
P0046,Electronics,West,4772.76,1655.36,481,90.6,181,4.7,37.9,Festival,0,9887,0.49,4598.34
P0047,Fashion,West,8203.89,7840.47,335,71.7,254,3.8,1.3,Summer,0,6991,1.01,8721.54
P0048,Beauty,West,860.37,2699.75,444,32.5,101,3.7,1.8,Winter,0,1031,1.64,1118.48
P0049,Electronics,South,3996.45,6351.45,229,15.9,87,4.7,13.8,Winter,1,3602,1.05,4306.47
P0050,Beauty,West,8548.04,4154.26,62,72.2,185,4.9,3.5,Regular,1,971,1.03,8124.96
P0051,Books,West,4158.2,9001.6,97,61.5,91,3.6,19.2,Monsoon,0,3708,1.25,5405.66
P0052,Fashion,West,960.62,10008.93,196,46.4,248,2.9,29.1,Summer,0,4045,1.29,1248.81
P0053,Fashion,South,5516.84,9298.39,107,42.7,214,4.5,22.7,Regular,1,7114,1.76,6150.18
P0054,Electronics,North,8645.08,2972.8,400,29.5,249,3.5,7.9,Monsoon,0,5102,0.82,6483.81
P0055,Fashion,East,5984.8,2183.76,11,70.3,126,4.8,26.2,Winter,0,5456,1.7,6126.67
P0056,Sports,West,2417.54,5076.17,132,97.4,4,4.9,27.4,Summer,0,4327,1.26,3142.8
P0057,Fashion,North,3965.55,255.69,59,25.8,88,2.8,37.3,Festival,1,1524,0.81,3475.97
P0058,Beauty,West,4611.21,446.35,235,63.7,151,4.9,5.9,Winter,1,7148,0.8,3749.52
P0059,Beauty,South,5876.81,5889.96,366,48.2,176,3.4,27.7,Festival,0,3817,0.91,6173.92
P0060,Beauty,North,7641.64,5551.04,66,50.2,211,4.1,36.5,Festival,0,6769,1.36,8719.63
P0061,Beauty,South,1168.96,10444.09,244,32.9,259,2.6,20.1,Summer,0,8644,0.69,1519.65
P0062,Sports,West,8918.59,2263.01,94,84.3,91,4.7,14.5,Summer,1,9389,1.86,7868.39
P0063,Home & Kitchen,West,320.64,2843.63,236,53.7,259,4.1,6.8,Festival,0,662,1.28,416.83
P0064,Books,South,3826.51,1351.74,461,58.9,191,4.1,34.7,Regular,1,7336,1.86,2961.95
P0065,Electronics,East,468.72,9649.04,237,37.4,81,4.8,15.8,Festival,0,9855,0.38,609.34
P0066,Beauty,South,4051.15,8207.01,358,26.4,138,3.8,37.0,Festival,1,3067,0.88,4906.37
P0067,Fashion,West,5352.96,8666.54,497,17.7,126,3.5,33.9,Summer,0,4838,0.34,5674.4
P0068,Beauty,South,5214.48,9496.52,337,74.3,230,4.7,15.1,Monsoon,0,9976,0.76,6778.82
P0069,Fashion,East,1823.16,5596.97,443,27.7,20,4.4,23.0,Winter,1,7152,1.77,2370.11
P0070,Books,South,6528.26,4836.31,379,72.1,49,4.9,1.1,Summer,1,3251,0.36,5815.02
P0071,Books,East,638.83,3589.64,296,45.1,135,4.9,10.5,Regular,0,802,1.04,830.48
P0072,Books,East,7666.69,6260.69,349,47.4,29,3.5,28.4,Winter,0,7606,0.5,7583.53
P0073,Fashion,South,9477.12,4868.15,156,52.2,48,3.6,27.1,Summer,0,1391,1.01,8630.91
P0074,Beauty,South,3529.73,4840.16,432,43.1,269,3.1,14.1,Summer,0,8746,1.73,3699.11
P0075,Books,North,5268.95,9849.1,149,19.1,3,4.2,32.3,Monsoon,1,7064,1.36,6005.61
P0076,Sports,West,3913.32,10335.21,134,37.9,258,3.4,9.4,Regular,0,6805,1.55,5087.32
P0077,Fashion,East,265.76,8399.72,145,69.7,16,4.5,18.5,Regular,1,3532,0.89,345.49
P0078,Fashion,North,3981.57,7989.74,419,69.9,94,2.8,18.9,Summer,0,7778,1.91,5079.41
P0079,Beauty,South,7958.86,7203.36,97,35.8,134,2.8,13.6,Monsoon,1,5615,1.51,7206.26
P0080,Fashion,West,6040.69,1893.89,118,51.4,133,3.0,38.2,Summer,0,7661,1.02,5179.23
P0081,Fashion,North,1192.35,789.97,288,27.4,32,2.7,27.9,Festival,0,7980,1.02,1164.86
P0082,Books,East,8501.97,7308.3,448,28.9,269,4.1,21.6,Festival,0,6567,1.86,8217.52
P0083,Beauty,North,5404.64,7701.07,415,12.1,25,2.9,20.4,Monsoon,1,2472,1.28,5083.82
P0084,Books,East,8448.89,664.76,147,90.7,59,2.9,6.4,Summer,0,8915,1.5,7376.66
P0085,Books,South,5886.17,9757.49,227,29.0,213,2.5,14.9,Monsoon,0,6035,1.01,6591.32
P0086,Beauty,West,5684.95,1120.57,236,30.5,156,4.5,26.9,Summer,1,6997,0.68,4405.43
P0087,Electronics,West,1231.54,3130.49,467,35.2,276,4.5,37.0,Summer,1,8834,1.53,1561.72
P0088,Books,West,1840.13,7119.06,37,21.5,210,2.9,32.7,Festival,1,7685,1.33,2392.17
P0089,Sports,South,9725.85,1933.09,280,67.5,57,4.3,12.0,Winter,0,3718,1.15,8568.17
P0090,Sports,East,2439.17,751.89,174,16.8,185,3.6,17.4,Regular,0,6512,1.36,1875.26
P0091,Fashion,South,9779.03,3597.43,144,22.1,54,3.1,3.3,Regular,1,3188,0.65,7334.27
P0092,Sports,West,5412.74,8084.83,361,68.0,209,4.1,4.1,Monsoon,0,4559,1.65,6055.85
P0093,Fashion,South,1530.73,4449.16,205,40.6,293,2.9,18.8,Regular,0,2550,1.91,1989.95
P0094,Electronics,South,1173.16,6918.68,27,73.7,252,4.4,21.2,Festival,0,2843,1.81,1525.11
P0095,Beauty,South,2246.87,6161.67,460,60.2,112,2.6,10.6,Winter,1,4343,0.85,2920.93
P0096,Beauty,East,9271.25,409.29,228,33.0,6,4.9,25.7,Summer,0,9954,0.99,7077.84
P0097,Beauty,North,4258.67,10381.73,372,68.6,191,2.7,28.1,Summer,1,5449,1.67,5536.27
P0098,Sports,North,4075.26,607.54,274,20.5,279,3.9,12.0,Festival,0,349,1.31,3404.26
P0099,Electronics,South,3269.42,10167.72,351,58.3,13,4.8,30.3,Regular,1,1956,1.23,4250.25
P0100,Sports,North,1641.21,5854.6,157,49.3,44,2.5,8.2,Summer,1,2535,1.88,2133.57
P0101,Sports,North,4980.94,10119.8,337,34.1,105,3.7,21.8,Regular,0,7509,1.21,6101.31
P0102,Electronics,South,1474.47,1364.26,89,64.4,160,3.4,32.2,Festival,0,8448,1.18,1641.92
P0103,Electronics,South,8387.71,5241.02,113,88.4,154,4.0,21.5,Summer,1,6170,0.37,8349.06
P0104,Electronics,West,3829.89,1929.28,35,99.9,242,3.1,36.3,Monsoon,0,8535,0.42,4194.52
P0105,Electronics,North,3873.07,706.06,233,64.7,181,2.7,2.3,Winter,1,1923,0.31,3264.62
P0106,Beauty,East,4845.26,6552.9,244,46.4,14,4.1,23.5,Regular,1,6152,1.85,5119.36
P0107,Home & Kitchen,South,4552.45,2324.32,382,30.3,180,3.5,22.5,Regular,0,6222,0.99,3625.9
P0108,Home & Kitchen,West,9949.61,6245.03,367,33.1,292,4.1,26.4,Regular,0,6372,1.1,8149.36
P0109,Electronics,East,5544.73,1339.6,314,53.2,264,3.0,33.3,Regular,0,2138,1.74,4440.75
P0110,Home & Kitchen,North,1064.38,3606.1,393,43.1,168,3.3,29.0,Festival,1,7687,1.34,1383.69
P0111,Home & Kitchen,West,6147.4,8246.45,145,92.2,214,3.9,31.6,Festival,0,5361,1.34,7974.39
P0112,Electronics,South,1685.53,4690.37,160,43.1,150,4.0,11.6,Festival,1,6537,0.8,2191.19
P0113,Home & Kitchen,East,503.19,6658.33,303,43.6,16,3.4,15.5,Festival,1,6930,1.72,654.15
P0114,Sports,South,9713.27,6861.77,349,44.5,91,3.2,25.1,Summer,0,4771,0.58,9040.89
P0115,Fashion,North,7780.68,8887.55,375,85.3,120,3.2,22.1,Festival,0,3476,0.39,9067.83
P0116,Fashion,East,9805.07,3533.2,103,68.6,253,2.9,38.4,Summer,0,578,0.63,8828.32
P0117,Electronics,North,4883.21,7272.89,51,65.3,60,3.3,7.5,Monsoon,1,1974,0.76,5929.11
P0118,Beauty,North,5416.12,10103.88,491,40.1,266,3.0,14.1,Festival,0,6510,0.78,6678.92
P0119,Electronics,West,1849.7,7716.11,331,83.6,31,4.1,22.9,Monsoon,0,6026,1.44,2404.61
P0120,Beauty,South,2619.69,5235.46,426,13.5,21,3.9,34.7,Festival,1,6071,0.67,3115.33
P0121,Fashion,East,8417.78,6689.0,484,88.4,219,3.5,37.2,Monsoon,0,9602,1.45,8326.08
P0122,Electronics,North,3690.62,7813.53,71,56.1,81,3.3,13.4,Winter,0,912,0.45,4797.81
P0123,Books,North,8302.79,6498.69,66,45.8,289,3.1,2.7,Monsoon,0,4370,0.55,8564.37
P0124,Sports,East,7148.33,352.09,113,54.7,31,3.8,16.9,Summer,0,3544,1.16,5800.76
P0125,Home & Kitchen,North,1936.28,2190.06,171,70.1,234,4.8,15.8,Regular,0,6102,1.87,2097.91
P0126,Beauty,West,5172.97,8544.03,41,11.1,36,4.2,39.5,Monsoon,0,8309,1.76,6048.0
P0127,Books,West,6838.4,2993.75,123,88.4,132,4.4,17.2,Regular,1,1692,1.95,6148.68
P0128,Home & Kitchen,West,2503.36,7729.72,90,50.2,132,4.6,12.2,Winter,0,9262,1.41,3254.37
P0129,Home & Kitchen,West,8340.75,4020.28,386,40.9,9,3.4,14.6,Winter,1,5246,1.45,6780.16
P0130,Electronics,North,5539.31,5565.85,396,22.4,30,2.7,15.9,Summer,0,7049,1.36,5107.6
P0131,Home & Kitchen,East,1819.37,881.48,469,49.6,115,4.1,32.9,Summer,0,7372,1.36,1506.98
P0132,Sports,East,5913.25,2050.25,56,54.7,4,3.0,3.2,Monsoon,0,3193,0.55,5376.66
P0133,Books,East,9997.2,10058.27,95,46.3,237,3.9,12.7,Festival,0,1520,1.22,10894.32
P0134,Home & Kitchen,East,1675.11,9366.22,293,71.1,23,4.3,38.7,Winter,0,5728,0.96,2177.64
P0135,Electronics,South,8204.22,6911.48,498,47.9,16,4.5,6.1,Regular,0,1432,1.05,7316.13
P0136,Sports,East,2231.63,4923.53,341,96.5,22,3.3,29.7,Festival,0,5446,1.19,2901.12
P0137,Fashion,South,7867.41,7153.86,302,63.9,72,3.8,14.3,Winter,0,9578,0.52,8402.68
P0138,Books,South,7398.86,6564.06,208,82.7,230,4.1,23.3,Monsoon,0,7164,0.91,7871.17
P0139,Home & Kitchen,West,3144.8,6047.46,372,19.8,107,4.5,4.0,Winter,0,9484,0.41,3589.05
P0140,Electronics,South,3393.07,790.71,242,45.8,208,4.4,12.3,Summer,0,1755,1.97,2843.16
P0141,Fashion,North,7966.71,6710.52,386,40.3,208,5.0,20.0,Regular,1,6047,0.5,6722.87
P0142,Fashion,South,4722.17,8115.25,159,61.3,263,2.5,9.3,Regular,0,6113,0.74,5546.75
P0143,Beauty,West,7362.02,10438.92,244,87.5,51,3.6,21.7,Summer,0,8012,1.82,8895.81
P0144,Sports,South,1650.24,294.33,140,17.1,65,3.1,8.8,Festival,1,8146,1.12,1349.4
P0145,Home & Kitchen,North,8555.07,7715.39,411,16.5,265,2.8,26.0,Summer,0,2644,0.53,7472.36
P0146,Electronics,North,7166.67,6080.87,366,86.5,175,4.8,36.2,Regular,0,9921,0.95,7077.96
P0147,Beauty,North,9088.04,4659.42,385,29.2,152,5.0,3.4,Monsoon,0,1365,0.5,7057.68
P0148,Sports,West,1497.25,1496.52,373,70.2,266,3.0,8.7,Festival,1,8189,0.64,1587.99
P0149,Beauty,West,6011.54,4401.76,68,58.9,163,2.6,33.8,Winter,0,8809,0.39,6415.52
P0150,Books,East,6071.38,3837.17,127,85.0,238,3.2,25.3,Monsoon,1,2754,1.04,5955.13
P0151,Sports,West,3663.92,3305.2,258,21.3,199,4.6,3.1,Festival,1,9990,1.67,3603.19
P0152,Sports,North,4692.97,7722.68,481,21.7,16,3.2,19.5,Regular,0,5775,1.3,4865.02
P0153,Home & Kitchen,North,572.22,7411.49,118,60.1,296,2.6,8.4,Regular,0,4741,1.33,743.89
P0154,Sports,West,7509.43,6258.69,24,95.2,276,2.6,8.0,Monsoon,0,8889,0.64,8486.47
P0155,Beauty,South,5583.36,9867.02,20,47.3,239,3.6,37.6,Festival,0,174,0.88,7258.37
P0156,Sports,West,765.86,3790.5,149,39.4,69,4.8,30.5,Winter,0,9779,1.74,995.62
P0157,Home & Kitchen,West,6871.41,2696.04,212,64.6,6,3.2,27.8,Winter,1,5147,0.45,6192.17
P0158,Home & Kitchen,North,4774.46,6948.92,23,93.7,220,3.6,9.6,Summer,0,4857,1.76,6206.8
P0159,Books,East,537.72,2231.76,380,85.3,254,2.8,4.7,Monsoon,0,2020,1.12,699.04
P0160,Beauty,North,9702.16,3430.91,396,99.6,295,3.7,34.8,Festival,1,2812,1.72,9273.33
P0161,Fashion,East,9501.3,2497.9,170,12.0,107,4.2,0.2,Monsoon,1,5567,0.84,7125.98
P0162,Fashion,North,5226.44,893.66,42,20.2,295,3.2,15.5,Winter,1,864,0.88,4312.02
P0163,Sports,West,1117.99,8719.79,185,64.9,118,3.2,11.1,Festival,0,3151,1.58,1453.39
P0164,Books,North,7595.29,2806.86,353,83.9,168,4.6,22.8,Regular,0,1704,1.63,6630.37
P0165,Electronics,North,5020.92,5061.64,109,35.7,251,2.5,10.0,Regular,0,181,0.69,4823.29
P0166,Sports,North,3163.99,627.01,104,31.5,82,4.1,12.4,Festival,1,8472,1.95,2691.52
P0167,Books,West,5015.9,7397.18,94,80.8,54,3.5,34.0,Monsoon,0,444,0.44,6008.48
P0168,Beauty,West,5319.95,3591.39,419,15.1,240,3.2,24.1,Monsoon,1,7369,0.42,4110.35
P0169,Beauty,West,5714.57,7865.68,304,43.2,12,4.1,5.8,Regular,0,3623,1.31,6154.73
P0170,Beauty,West,4523.99,4436.0,448,55.5,209,4.6,29.1,Regular,1,9223,1.53,4044.01
P0171,Beauty,East,6136.4,2200.2,336,60.4,165,3.9,8.3,Winter,1,7156,1.93,5367.4
P0172,Beauty,East,9203.6,5475.97,405,75.6,294,2.6,17.3,Festival,1,9174,0.99,8877.46
P0173,Books,South,3750.23,1526.81,83,41.9,7,3.7,25.9,Monsoon,0,5675,0.34,3283.33
P0174,Books,West,7312.02,4726.36,77,65.1,78,3.7,10.9,Winter,0,9651,1.32,7689.93
P0175,Home & Kitchen,East,8965.64,3454.59,427,62.7,65,3.9,15.4,Monsoon,0,4678,0.79,7151.17
P0176,Fashion,North,4668.6,9591.42,430,59.3,102,4.2,29.4,Regular,0,5110,1.04,5623.45
P0177,Beauty,West,4545.87,808.78,180,67.6,300,2.5,37.5,Festival,0,7797,1.13,4334.7
P0178,Electronics,South,6100.75,7342.26,400,33.4,287,3.8,21.2,Summer,1,6319,0.41,5801.56
P0179,Books,South,5995.79,2065.99,100,17.6,171,4.0,0.4,Festival,0,6682,1.13,5347.05
P0180,Electronics,South,8104.58,3472.55,349,20.7,77,3.4,13.5,Summer,1,6805,1.02,6472.4
P0181,Electronics,North,4869.54,4468.11,107,30.2,48,4.2,15.9,Winter,0,6639,1.51,4699.94
P0182,Electronics,East,9962.0,9550.72,406,55.0,255,3.1,13.6,Summer,0,5639,1.4,9959.0
P0183,Home & Kitchen,North,782.82,2683.41,467,85.6,82,3.3,17.5,Summer,0,2554,0.61,1017.67
P0184,Books,West,231.04,1122.31,228,73.1,209,4.9,25.3,Winter,1,3083,0.65,300.35
P0185,Electronics,South,6473.94,3468.88,10,81.0,209,3.4,4.8,Festival,0,8953,0.73,7386.17
P0186,Beauty,North,3124.66,1260.26,126,41.6,84,3.4,10.9,Winter,1,3026,0.6,2643.08
P0187,Sports,North,2555.75,1507.12,240,46.4,10,4.0,20.3,Regular,0,1521,1.42,2291.97
P0188,Electronics,East,3256.61,6102.14,431,45.4,29,4.9,12.6,Regular,1,6645,1.99,3731.02
P0189,Home & Kitchen,East,2709.27,808.51,120,27.3,116,5.0,39.6,Summer,0,1192,1.41,2130.6
P0190,Books,South,501.74,499.21,167,15.5,269,3.9,17.3,Winter,0,2618,1.33,483.86
P0191,Home & Kitchen,North,9721.02,7552.75,230,63.2,47,2.5,34.8,Winter,1,1658,1.0,9537.06
P0192,Electronics,North,2363.31,3912.2,234,99.0,91,4.8,35.9,Winter,1,5602,0.83,3017.63
P0193,Books,East,7393.49,1473.87,186,25.0,53,3.9,33.4,Festival,0,1947,1.85,6144.78
P0194,Sports,North,7673.44,2797.28,253,14.2,218,3.4,1.9,Monsoon,1,2242,1.95,5857.05
P0195,Electronics,North,9306.72,6806.33,322,80.2,77,4.6,37.9,Monsoon,0,1141,1.14,9175.72
P0196,Home & Kitchen,North,499.38,3023.54,457,32.7,204,3.5,5.1,Monsoon,1,749,0.79,649.19
P0197,Fashion,East,8746.07,5283.46,214,84.7,44,2.6,1.4,Festival,0,4142,1.61,9329.1
P0198,Beauty,South,5366.82,1435.9,148,73.4,156,4.6,16.6,Winter,0,2228,0.53,5002.52
P0199,Home & Kitchen,West,6398.93,6249.13,396,95.1,2,3.9,7.8,Monsoon,0,782,1.6,6862.67
P0200,Books,South,6515.81,3441.92,349,46.8,57,3.3,7.4,Winter,1,8754,1.69,5818.54
P0201,Electronics,West,8234.02,6650.31,100,69.6,290,3.1,11.5,Summer,1,2737,0.51,8131.45
P0202,Beauty,North,3467.39,8522.64,386,51.8,58,4.0,9.9,Monsoon,0,3806,1.96,4507.61
P0203,Electronics,South,7383.9,6492.19,350,66.8,254,3.0,27.4,Summer,1,6111,1.98,7446.17
P0204,Books,West,5380.07,3232.11,248,50.5,180,3.3,7.5,Festival,0,8673,1.89,5504.81
P0205,Electronics,East,7975.26,2819.27,90,27.0,157,4.1,21.7,Regular,1,6584,1.14,5981.44
P0206,Fashion,East,9907.35,3558.98,419,55.7,35,4.7,39.5,Festival,0,5435,0.72,9007.01
P0207,Beauty,South,2166.38,1878.88,495,57.6,75,3.8,17.3,Festival,0,4544,1.29,2167.73
P0208,Beauty,South,9947.56,2049.69,398,83.0,289,4.4,25.7,Festival,0,9049,1.01,8955.78
P0209,Books,North,1080.16,8339.93,188,76.2,75,4.4,38.8,Monsoon,0,1329,0.65,1404.21
P0210,Fashion,South,222.71,4150.44,125,69.7,78,4.2,5.5,Summer,0,6588,1.02,289.52
P0211,Home & Kitchen,North,632.79,4679.47,336,20.2,255,3.1,16.7,Monsoon,1,2271,1.43,822.63
P0212,Electronics,North,3549.47,6310.59,96,74.9,265,4.7,34.0,Regular,0,5214,0.42,4425.83
P0213,Sports,East,6402.48,6265.22,74,55.0,67,3.6,37.3,Festival,1,904,0.87,7396.45
P0214,Electronics,East,876.49,875.33,408,90.5,221,2.6,24.0,Winter,1,3262,0.33,883.38
P0215,Electronics,West,255.52,8761.5,137,92.8,164,3.1,5.7,Regular,0,2636,1.57,332.18
P0216,Home & Kitchen,East,9383.49,2010.01,283,15.0,220,4.4,36.1,Summer,0,4890,1.39,7278.97
P0217,Electronics,East,8254.88,7642.1,141,83.9,172,2.7,7.0,Regular,1,2818,0.41,8579.97
P0218,Fashion,South,8130.0,8153.96,318,13.4,254,2.9,14.1,Monsoon,1,7278,1.94,7603.52
P0219,Fashion,East,8867.36,7557.76,191,43.0,210,4.2,15.0,Winter,1,3390,0.34,8559.14
P0220,Beauty,West,7060.34,6155.05,225,58.8,188,4.7,17.9,Monsoon,1,5309,1.3,6966.56
P0221,Books,South,1223.16,330.76,468,23.3,191,4.1,31.6,Festival,0,6790,1.62,984.0
P0222,Sports,West,4111.18,3899.08,442,77.2,215,3.1,32.1,Festival,1,9861,1.64,4233.47
P0223,Electronics,East,7286.86,6421.94,50,10.8,86,2.6,28.8,Regular,0,325,0.36,7187.34
P0224,Electronics,West,2947.28,4178.5,282,25.2,106,4.0,0.9,Festival,0,7248,1.84,3436.32
P0225,Home & Kitchen,South,6936.58,9091.11,196,62.3,296,2.6,22.6,Festival,1,3913,1.86,8131.48
P0226,Books,North,440.08,3366.84,12,74.3,19,4.0,29.9,Summer,1,764,1.25,572.1
P0227,Fashion,West,3200.15,3209.28,383,92.5,47,3.1,17.8,Summer,1,6104,1.12,3305.38
P0228,Sports,West,5581.48,2925.1,280,73.5,65,4.8,37.8,Monsoon,0,859,0.38,5207.27
P0229,Beauty,South,6394.48,3614.3,183,70.5,146,3.7,33.0,Monsoon,1,3776,1.26,5876.14
P0230,Fashion,South,5855.0,5932.42,338,45.5,286,3.1,25.5,Summer,1,4028,1.0,5740.67
P0231,Books,West,7038.01,7476.4,43,10.1,66,4.6,2.5,Regular,0,9103,1.61,7063.52
P0232,Beauty,East,259.67,7017.7,297,20.8,5,3.1,26.1,Summer,0,86,0.99,337.57
P0233,Home & Kitchen,West,1189.22,8515.65,182,58.1,93,3.3,36.5,Monsoon,0,8164,1.46,1545.99
P0234,Home & Kitchen,South,8715.65,9322.63,166,70.8,94,4.6,15.2,Winter,0,8696,0.47,9588.15
P0235,Electronics,North,6881.14,8601.94,335,47.6,106,3.3,33.5,Festival,0,3358,0.53,8091.14
P0236,Books,North,1306.73,375.52,378,75.8,133,3.5,12.5,Winter,0,2705,0.54,1093.72
P0237,Sports,East,8452.33,7774.67,108,57.0,79,3.4,22.8,Winter,1,1031,0.38,8462.74
P0238,Beauty,West,2573.87,2330.68,165,16.7,212,2.8,25.9,Festival,0,6497,1.22,2620.33
P0239,Fashion,North,4886.95,1551.82,291,27.3,8,2.6,27.1,Summer,0,201,1.65,4085.76
P0240,Books,West,1622.93,6769.2,127,85.6,159,4.3,35.3,Regular,0,8841,1.34,2109.81
P0241,Books,South,7159.08,3479.75,58,75.2,268,4.1,9.4,Winter,0,9564,1.28,7415.93
P0242,Home & Kitchen,North,6735.17,769.45,432,90.5,149,3.2,10.5,Regular,1,5698,1.46,5103.11
P0243,Electronics,East,2268.9,1600.34,38,20.6,91,3.2,28.2,Monsoon,0,1561,0.88,2168.44
P0244,Electronics,South,8661.33,189.59,246,99.1,236,4.9,7.1,Winter,0,2308,0.92,7607.89
P0245,Beauty,East,4132.8,9501.27,459,28.8,289,5.0,18.6,Monsoon,1,281,0.83,4880.0
P0246,Home & Kitchen,South,3066.65,434.06,382,11.1,168,3.7,0.8,Summer,0,2792,1.51,2299.99
P0247,Books,North,1692.83,2341.58,117,99.8,193,4.5,5.6,Winter,1,7891,0.57,2057.58
P0248,Sports,East,2808.45,4475.83,322,35.3,187,4.3,27.2,Monsoon,0,4512,0.32,3122.83
P0249,Home & Kitchen,East,415.86,3859.82,27,70.1,271,3.2,29.9,Monsoon,0,7799,1.31,540.62
P0250,Beauty,South,5915.92,9589.01,50,25.9,114,2.6,4.6,Summer,1,621,1.9,7013.45
P0251,Beauty,East,8453.86,595.78,316,62.2,11,2.9,9.1,Regular,0,1252,1.34,6912.04
P0252,Home & Kitchen,South,5580.01,5466.06,139,91.4,55,4.6,4.0,Regular,0,9749,1.63,5776.46
P0253,Beauty,South,2348.88,7202.55,122,38.8,258,4.3,17.3,Winter,0,9854,1.44,3053.54
P0254,Home & Kitchen,South,529.96,9795.12,477,70.3,65,4.2,5.0,Summer,0,9812,1.15,688.95
P0255,Fashion,South,2303.36,6582.23,193,26.9,172,2.8,17.5,Winter,1,9281,1.52,2994.37
P0256,Home & Kitchen,North,4277.99,8474.75,135,66.2,272,4.1,29.3,Regular,1,6659,1.7,5315.04
P0257,Home & Kitchen,South,7644.19,1044.04,426,40.3,150,4.4,27.3,Summer,0,9667,0.68,5733.14
P0258,Beauty,West,2040.86,4162.9,216,29.0,146,4.7,11.2,Festival,0,220,0.87,2653.12
P0259,Beauty,East,7253.96,4039.13,422,38.2,209,2.5,27.0,Summer,1,5201,0.68,6028.7
P0260,Electronics,West,8695.95,9326.49,117,26.1,286,4.2,37.1,Summer,1,6456,1.07,8451.31
P0261,Electronics,North,4648.68,1742.15,48,91.2,10,2.5,13.9,Festival,0,238,1.8,5201.91
P0262,Fashion,West,8250.03,1747.47,132,45.7,227,4.3,13.2,Monsoon,1,4728,0.89,6444.16
P0263,Electronics,East,5635.64,3570.72,368,32.1,186,4.1,22.9,Monsoon,0,7195,0.94,4694.55
P0264,Home & Kitchen,West,6443.49,742.09,162,50.4,62,2.9,9.8,Monsoon,1,5977,1.76,4832.62
P0265,Beauty,North,5357.53,2062.97,277,38.8,85,4.4,26.1,Regular,1,649,1.18,4269.32
P0266,Electronics,South,4739.09,10140.96,319,77.0,134,2.7,33.3,Summer,0,5351,1.21,6160.82
P0267,Electronics,West,2499.6,4598.86,398,97.4,297,4.6,18.4,Festival,0,3626,1.76,3249.48
P0268,Fashion,North,3171.3,6702.44,359,49.4,171,3.2,27.2,Regular,0,9195,1.13,3904.0
P0269,Books,North,3041.71,7673.47,344,87.5,213,4.2,26.1,Festival,0,5243,1.46,3954.22
P0270,Fashion,East,5720.23,3967.04,406,60.9,18,4.8,1.5,Regular,0,9867,0.45,5178.99
P0271,Home & Kitchen,East,1375.55,1699.38,49,24.2,60,3.3,7.3,Regular,1,1920,0.6,1408.53
P0272,Beauty,West,9184.56,2311.92,112,72.2,88,3.8,35.7,Regular,0,4311,0.99,7853.02
P0273,Fashion,South,7262.42,3412.91,223,56.2,27,3.7,37.6,Festival,0,2074,1.14,7218.87
P0274,Electronics,North,4134.17,6744.23,447,68.6,68,2.9,31.2,Winter,0,5544,1.94,4784.1
P0275,Beauty,West,1754.52,4290.26,322,90.1,278,4.0,36.8,Regular,0,8882,1.95,2280.88
P0276,Beauty,North,8843.52,250.33,319,49.6,40,4.4,12.2,Monsoon,0,5503,1.75,6818.45
P0277,Electronics,North,8273.03,5581.56,181,91.1,109,4.8,9.9,Summer,0,1877,0.84,8568.93
P0278,Fashion,South,7272.87,9690.02,232,77.6,74,4.6,15.4,Winter,0,4752,1.94,8531.49
P0279,Electronics,South,2861.16,8560.64,195,54.0,66,3.8,2.2,Winter,1,589,1.47,3719.51
P0280,Books,West,4143.98,8696.18,475,64.3,168,4.3,32.4,Festival,0,7252,0.97,5387.17
P0281,Beauty,South,1206.93,8385.0,164,39.3,262,4.5,39.4,Winter,1,4488,1.49,1569.01
P0282,Sports,South,2052.59,3520.9,398,98.5,274,3.7,33.0,Festival,0,3551,0.33,2668.37
P0283,Sports,West,7873.56,8076.8,271,70.1,237,2.8,22.2,Festival,1,3587,0.55,8738.17
P0284,Home & Kitchen,South,7207.38,1657.43,362,13.9,215,3.6,11.8,Monsoon,0,6766,1.71,5405.54
P0285,Electronics,East,6016.16,6967.63,330,39.4,286,4.6,7.9,Regular,1,6868,1.4,6089.45
P0286,Electronics,North,8978.12,6800.99,383,66.1,149,4.0,14.6,Winter,0,6250,0.92,8521.35
P0287,Home & Kitchen,North,5916.01,443.88,493,15.1,107,4.3,26.7,Regular,1,4336,1.15,4437.01
P0288,Home & Kitchen,North,4776.29,8311.85,194,12.1,141,3.0,17.9,Regular,0,4789,1.84,5336.52
P0289,Home & Kitchen,North,3535.63,9501.52,179,50.5,76,4.9,37.4,Regular,1,2139,1.37,4596.32
P0290,Beauty,West,9416.4,2939.73,294,39.9,9,3.5,34.2,Festival,1,5655,0.98,8362.39
P0291,Books,North,1010.61,8563.87,488,49.4,196,4.1,4.1,Regular,1,7390,0.5,1313.79
P0292,Electronics,North,9322.7,1030.43,361,33.6,295,2.5,5.3,Winter,0,6872,0.8,6992.02
P0293,Beauty,North,8301.8,6371.67,149,24.8,280,2.8,27.0,Festival,0,3371,1.96,8357.48
P0294,Home & Kitchen,North,1473.31,5191.88,236,72.0,118,4.5,9.2,Winter,1,2599,1.04,1915.3
P0295,Electronics,East,5736.85,5813.93,364,56.3,290,4.9,31.6,Festival,0,1266,1.1,5957.03
P0296,Beauty,North,8692.17,9738.44,442,28.0,61,3.3,23.7,Summer,0,4935,1.15,8243.44
P0297,Books,East,5803.73,9171.97,208,38.8,51,2.6,9.2,Summer,0,6943,1.8,6620.61
P0298,Beauty,West,9090.56,8282.06,217,63.3,52,3.4,19.1,Summer,0,8983,1.33,9304.77
P0299,Books,South,9441.24,3004.57,44,16.5,122,2.5,16.2,Summer,1,6358,1.48,8080.79
P0300,Home & Kitchen,North,4339.37,9589.97,279,23.3,167,3.0,34.9,Festival,0,9956,0.96,5641.18
P0301,Books,South,3897.67,1186.28,327,16.6,8,4.4,1.3,Regular,0,5132,0.35,2951.46
P0302,Electronics,South,9375.95,8986.36,86,83.1,45,4.8,35.8,Monsoon,0,7275,1.88,9961.28
P0303,Home & Kitchen,West,6816.37,3566.61,185,77.7,245,2.7,26.1,Monsoon,0,7480,1.91,6408.81
P0304,Electronics,South,1337.02,734.93,324,77.8,284,3.9,29.5,Summer,1,8889,1.91,1255.98
P0305,Sports,East,614.46,7087.76,87,74.5,107,3.1,0.1,Regular,0,2847,1.9,798.8
P0306,Fashion,South,5733.36,2566.81,307,70.2,27,2.8,25.1,Winter,0,868,1.69,5250.96
P0307,Books,South,9315.68,2693.65,266,52.9,193,3.0,23.5,Regular,0,8484,1.46,7892.29
P0308,Fashion,South,8473.64,3338.41,276,67.8,62,3.9,21.5,Winter,1,6856,1.74,7867.77
P0309,Fashion,North,6823.31,837.23,204,13.5,62,2.7,31.4,Monsoon,0,7051,1.32,5117.48
P0310,Books,North,1563.34,2007.95,244,65.9,282,3.6,22.2,Regular,0,7976,0.53,1700.99
P0311,Home & Kitchen,East,2691.47,233.04,406,80.0,121,2.8,34.3,Regular,0,4154,0.97,2057.22
P0312,Sports,East,8780.01,4776.63,184,55.0,280,3.2,9.3,Monsoon,0,8096,1.95,8090.85
P0313,Electronics,North,1991.51,1049.52,436,42.2,39,3.0,32.2,Regular,0,62,0.9,1598.03
P0314,Beauty,East,2928.71,7224.97,175,35.0,277,4.7,7.2,Winter,1,5944,1.78,3807.32
P0315,Electronics,North,1470.09,2611.63,299,67.9,94,4.3,32.5,Regular,0,7100,0.46,1805.88
P0316,Beauty,West,6825.86,9917.69,181,72.4,115,4.7,37.6,Winter,0,3067,0.87,8062.79
P0317,Electronics,South,9451.03,9171.32,373,88.4,176,3.5,13.4,Summer,0,7442,0.9,9804.94
P0318,Books,South,2835.89,3167.03,400,40.8,121,3.3,21.2,Regular,1,739,0.39,2559.95
P0319,Sports,East,4858.98,8262.78,241,79.3,13,3.5,26.3,Winter,0,5928,0.5,6241.68
P0320,Beauty,North,6416.53,8469.49,142,60.5,163,2.5,3.2,Monsoon,0,3188,0.63,7047.42
P0321,Home & Kitchen,North,9994.77,10361.33,331,89.5,275,4.3,19.8,Summer,0,8026,1.72,11183.56
P0322,Electronics,East,1227.12,6349.71,370,57.5,176,3.4,14.4,Regular,0,8918,0.41,1595.26
P0323,Electronics,North,5085.99,1025.89,315,56.6,173,3.3,34.9,Winter,1,6377,0.81,4218.11
P0324,Beauty,West,3974.18,6855.36,133,62.0,275,4.0,35.1,Regular,0,4353,0.32,4838.88
P0325,Home & Kitchen,South,8685.04,6629.79,53,77.4,64,3.6,28.0,Winter,0,9565,1.48,9726.7
P0326,Home & Kitchen,East,4864.48,6767.78,168,96.8,101,5.0,26.2,Regular,0,1052,1.35,5744.52
P0327,Books,East,1287.58,3349.74,281,16.6,66,3.4,29.3,Summer,0,7458,1.4,1673.85
P0328,Books,North,6417.36,9051.89,297,14.8,45,4.0,14.6,Summer,0,8192,0.94,7043.9
P0329,Books,East,7753.65,10081.75,120,94.4,87,3.3,16.2,Regular,1,1815,0.65,8901.91
P0330,Books,West,228.24,2426.79,28,57.7,67,5.0,22.1,Regular,0,9795,1.52,296.71
P0331,Books,North,8617.78,1089.73,315,65.3,259,3.6,37.5,Festival,0,5828,1.68,7787.03
P0332,Books,North,2023.03,2187.6,29,53.4,205,4.1,29.0,Regular,0,2341,0.54,2196.11
P0333,Sports,North,5610.28,8648.1,395,18.4,178,2.8,22.0,Regular,1,7780,1.13,5605.19
P0334,Home & Kitchen,North,4274.82,7162.97,131,79.1,280,4.3,30.8,Summer,1,4916,0.72,5200.07
P0335,Books,West,7252.61,6744.01,238,77.3,17,3.2,14.8,Regular,1,8479,0.59,7418.51
P0336,Home & Kitchen,North,3837.38,4326.51,213,38.1,296,3.6,29.2,Monsoon,0,6503,1.55,3954.34
P0337,Home & Kitchen,East,8723.68,6143.18,97,37.6,202,4.7,16.4,Regular,0,1634,1.21,8039.23
P0338,Fashion,West,7358.86,3357.26,98,85.4,172,4.9,11.2,Festival,0,1357,0.67,7699.12
P0339,Sports,South,6547.59,5104.7,331,16.5,262,3.6,24.4,Winter,0,2135,0.83,5989.47
P0340,Books,South,8003.16,8364.41,229,89.3,194,4.6,27.5,Summer,0,81,1.94,8964.53
P0341,Electronics,East,7589.43,10306.41,459,33.1,149,2.6,18.4,Monsoon,0,7770,1.74,7635.47
P0342,Beauty,East,552.2,9803.29,382,63.4,35,4.6,22.6,Winter,0,341,1.8,717.86
P0343,Electronics,West,4068.4,9817.5,284,94.2,29,4.1,27.8,Monsoon,0,3736,1.08,5288.92
P0344,Sports,South,9321.91,4330.95,15,71.0,263,3.7,30.7,Summer,1,1692,1.36,8910.11
P0345,Beauty,South,1432.1,5017.91,333,47.3,221,4.7,35.8,Festival,0,7816,0.94,1861.73
P0346,Sports,South,7423.55,7462.16,16,72.1,53,4.6,14.2,Summer,1,8819,0.43,8335.06
P0347,Home & Kitchen,South,9751.0,9697.02,39,41.0,279,3.2,38.1,Monsoon,0,3959,0.98,10580.0
P0348,Beauty,South,711.55,1645.38,451,35.0,76,4.5,25.5,Monsoon,1,1273,1.31,862.69
P0349,Home & Kitchen,North,6885.5,3319.78,456,99.7,176,2.7,31.5,Summer,0,8688,0.79,6471.8
P0350,Electronics,East,4787.91,1617.03,232,77.6,10,4.6,28.0,Regular,0,4423,1.74,4326.24
P0351,Electronics,North,5875.92,6495.93,224,68.0,117,4.2,8.2,Summer,1,2629,0.56,6379.54
P0352,Beauty,South,1036.35,3341.03,445,42.0,280,2.7,2.9,Festival,0,1472,0.92,1347.26
P0353,Beauty,West,621.47,3545.43,145,14.4,218,4.2,29.1,Summer,0,7608,0.51,807.91
P0354,Books,West,6735.29,911.85,27,12.8,175,4.0,20.4,Winter,1,6795,0.99,5507.05
P0355,Sports,South,8268.43,3789.9,87,59.9,234,4.0,28.1,Regular,0,2659,0.37,7276.91
P0356,Books,South,7863.75,9080.96,494,78.6,252,3.2,19.1,Winter,1,3131,0.76,8167.43
P0357,Sports,West,5529.3,2585.31,233,58.4,295,3.2,12.5,Summer,1,6784,0.98,4853.04
P0358,Books,North,1178.69,7354.33,427,85.7,6,4.4,11.4,Regular,0,8300,1.11,1532.3
P0359,Home & Kitchen,North,6942.84,6677.76,348,13.0,21,3.1,29.2,Winter,1,8700,1.22,6512.81
P0360,Beauty,South,2570.51,9091.16,84,43.0,73,3.6,11.1,Winter,1,153,0.77,3341.66
P0361,Electronics,North,9128.47,1545.21,357,31.3,36,4.2,28.6,Regular,0,4976,1.19,6846.35
P0362,Sports,West,8415.0,10268.73,400,50.3,233,2.7,15.4,Regular,0,9030,1.17,8410.1
P0363,Sports,North,7151.95,6192.73,294,16.5,216,4.0,30.8,Monsoon,0,791,0.84,6440.27
P0364,Electronics,South,9498.69,10453.29,459,95.9,206,4.0,5.7,Regular,0,9814,1.71,10265.53
P0365,Books,West,507.93,9586.83,335,30.1,44,4.2,8.2,Summer,1,6494,1.23,660.31
P0366,Sports,North,7414.76,2466.06,163,93.0,91,3.4,27.4,Festival,0,4773,0.86,7506.18
P0367,Home & Kitchen,East,3436.38,759.59,481,48.3,93,3.6,22.4,Monsoon,0,7709,1.91,2578.21
P0368,Beauty,West,9079.45,2818.2,132,98.7,83,3.3,8.2,Regular,0,5253,1.74,8520.27
P0369,Electronics,West,2813.42,5624.46,194,59.9,282,4.5,36.1,Festival,1,3026,1.97,3657.45
P0370,Beauty,East,7303.59,1950.87,401,93.8,21,2.8,11.0,Monsoon,0,7476,1.48,6393.57
P0371,Sports,East,8800.94,1908.18,35,10.5,228,4.9,16.8,Summer,1,6553,0.94,7161.3
P0372,Sports,West,608.24,4953.97,390,77.3,130,4.1,8.1,Festival,1,8669,0.78,790.71
P0373,Electronics,East,4096.95,523.33,363,91.3,175,4.7,15.5,Regular,0,6536,1.43,3311.15
P0374,Home & Kitchen,South,7670.63,1437.89,19,22.6,108,3.6,19.7,Regular,0,6540,1.97,6668.06
P0375,Fashion,South,4658.21,4471.69,317,18.7,283,3.3,11.8,Summer,0,1994,1.37,4388.56
P0376,Electronics,South,2819.08,831.5,79,48.2,71,4.8,30.8,Monsoon,1,6289,1.8,2434.9
P0377,Fashion,West,2354.09,4274.51,38,94.0,50,2.7,15.8,Festival,1,7472,0.86,3060.32
P0378,Books,East,1488.88,5071.74,363,58.8,95,2.8,29.2,Summer,0,6023,0.99,1935.54
P0379,Fashion,East,8599.87,4837.07,200,57.5,279,3.2,8.3,Monsoon,0,9513,1.84,7556.33
P0380,Home & Kitchen,North,5838.48,9149.88,335,22.7,132,4.9,15.1,Winter,0,5571,1.59,6414.35
P0381,Books,North,948.57,5650.24,33,10.1,276,4.1,0.3,Winter,1,461,1.97,1233.14
P0382,Fashion,East,3949.29,5009.56,198,82.9,13,3.9,30.3,Monsoon,0,6140,1.62,4639.31
P0383,Books,East,3803.79,4418.52,20,17.9,3,4.3,25.0,Regular,1,296,1.06,3904.91
P0384,Fashion,East,1981.04,8617.87,427,67.0,224,3.5,32.7,Regular,0,6892,1.2,2575.35
P0385,Home & Kitchen,West,4467.97,9416.98,81,92.3,175,4.4,18.2,Winter,0,6614,1.83,5808.36
P0386,Fashion,East,3454.57,8985.46,297,28.8,90,3.5,32.0,Regular,0,2221,1.24,4490.94
P0387,Fashion,North,3549.68,7131.0,85,69.9,241,4.6,25.9,Regular,0,7328,0.73,4552.28
P0388,Fashion,West,7442.46,1597.57,409,17.1,35,3.2,0.1,Monsoon,0,7507,1.04,5581.84
P0389,Electronics,East,2387.98,3037.3,432,64.3,14,3.2,10.1,Monsoon,0,5768,1.18,2504.82
P0390,Electronics,North,6490.23,655.37,128,24.8,195,3.8,19.8,Regular,1,2110,0.46,4867.67
P0391,Electronics,West,5792.37,9786.1,23,76.2,213,3.6,24.7,Monsoon,0,3384,1.56,7530.08
P0392,Home & Kitchen,East,5767.31,6999.44,459,37.1,3,4.1,2.6,Festival,0,7240,0.49,6211.62
P0393,Books,East,6697.47,7882.46,106,51.7,179,3.4,28.2,Winter,0,994,0.99,7368.62
P0394,Sports,East,5574.14,3395.42,396,63.9,40,3.1,21.7,Festival,0,5411,1.67,5467.11
P0395,Fashion,West,8816.7,8907.14,81,25.4,164,3.7,21.0,Festival,0,9504,1.09,9072.64
P0396,Fashion,North,6820.68,2859.11,233,76.7,235,3.9,11.7,Regular,1,5334,1.73,5843.19
P0397,Home & Kitchen,North,5560.24,196.96,454,37.2,257,2.9,23.8,Regular,0,6931,0.88,4170.18
P0398,Fashion,South,8331.68,4064.6,301,69.6,116,3.9,1.1,Festival,0,8417,1.93,8458.11
P0399,Electronics,East,6140.24,6070.26,207,24.2,52,3.3,2.6,Festival,0,9294,0.66,6471.44
P0400,Sports,South,3053.21,5120.23,476,71.9,142,3.5,29.4,Summer,0,9559,0.37,3563.82
P0401,Beauty,South,2229.53,9076.63,458,21.5,86,3.2,12.9,Summer,0,7990,1.78,2898.39
P0402,Fashion,North,1692.81,1267.78,65,48.3,46,4.8,13.9,Winter,1,9916,1.58,1757.16
P0403,Electronics,West,9014.66,5895.46,30,32.2,238,4.2,8.3,Festival,0,383,0.69,9626.9
P0404,Beauty,West,7159.33,5473.95,75,77.4,10,3.2,17.8,Monsoon,0,9506,1.97,7725.27
P0405,Sports,North,9386.31,3083.98,107,33.6,152,4.1,2.1,Summer,1,2995,1.15,7450.98
P0406,Beauty,West,6112.26,8665.39,471,89.4,61,4.6,12.0,Regular,0,4830,1.92,6746.49
P0407,Electronics,South,4839.33,7949.4,330,90.3,18,3.5,21.1,Festival,0,4706,1.16,6291.13
P0408,Books,East,785.22,7743.11,367,27.7,86,4.6,18.6,Monsoon,0,2715,1.1,1020.79
P0409,Books,North,6782.09,9222.31,161,65.2,137,2.9,40.0,Monsoon,0,7181,1.06,7502.13
P0410,Beauty,East,5905.65,7639.14,367,17.9,230,4.6,15.6,Monsoon,0,4985,0.87,5773.26
P0411,Home & Kitchen,West,9904.05,2572.6,363,45.2,128,3.9,15.5,Regular,1,465,1.21,7428.04
P0412,Beauty,East,2543.76,7461.41,198,74.2,104,3.1,20.1,Summer,1,757,1.07,3306.89
P0413,Fashion,West,5401.23,3355.49,279,69.3,186,3.5,7.6,Monsoon,1,7838,0.36,4945.0
P0414,Fashion,West,6579.38,2679.24,328,66.2,178,5.0,35.1,Summer,0,2734,0.74,5973.54
P0415,Books,South,6516.99,933.4,190,35.4,6,4.5,22.9,Winter,1,7544,0.66,4916.53
P0416,Home & Kitchen,West,5700.68,7858.37,330,44.0,36,3.9,7.7,Regular,0,3416,1.77,6352.73
P0417,Electronics,South,7813.89,7517.53,117,19.3,281,2.8,31.7,Summer,0,3553,1.32,7435.72
P0418,Fashion,South,2208.82,2600.03,317,74.7,300,3.5,1.4,Summer,0,4492,1.6,2450.35
P0419,Books,South,7311.15,7913.59,169,55.3,14,3.2,39.3,Monsoon,0,6230,1.93,7541.42
P0420,Sports,North,6273.4,9652.12,65,73.8,237,2.7,34.6,Monsoon,1,2609,1.39,7762.5
P0421,Books,North,8981.54,1294.86,96,32.4,285,3.9,23.2,Regular,0,8187,1.97,6953.34
P0422,Fashion,West,8502.51,2580.81,290,39.2,50,4.7,4.5,Summer,1,4021,0.83,6873.74
P0423,Fashion,South,3288.44,7922.69,459,40.1,261,4.2,8.6,Festival,1,3007,0.62,4274.97
P0424,Books,North,2907.13,3012.91,461,12.3,110,3.1,11.2,Monsoon,1,6966,0.99,2494.25
P0425,Electronics,South,9820.2,6626.53,157,40.7,197,3.9,9.6,Monsoon,0,1779,1.1,8910.78
P0426,Beauty,East,5367.2,1017.61,229,82.3,252,4.9,19.9,Winter,0,9283,1.82,4757.28
P0427,Fashion,East,9082.93,4846.73,131,90.8,88,4.3,37.8,Regular,1,76,1.25,8709.74
P0428,Books,East,1806.03,7807.42,197,56.6,26,4.2,17.8,Summer,0,2633,0.8,2347.84
P0429,Books,West,6499.63,7264.82,119,51.0,262,4.9,26.5,Summer,1,9294,1.56,6809.41
P0430,Home & Kitchen,South,8136.63,8591.54,266,12.8,144,4.5,27.5,Summer,0,9916,1.16,8002.01
P0431,Beauty,East,9484.47,9235.31,22,89.1,60,2.8,34.9,Monsoon,0,3105,0.58,10916.44
P0432,Sports,North,3505.93,8159.25,14,11.2,268,3.4,1.4,Regular,0,6851,1.28,4557.71
P0433,Electronics,East,7304.82,7110.79,96,95.0,75,4.9,16.2,Summer,1,1708,1.85,8032.84
P0434,Sports,East,5480.37,507.38,143,54.0,3,3.7,31.4,Festival,0,4001,1.73,4906.63
P0435,Beauty,East,794.16,5700.86,485,40.8,63,2.8,32.6,Winter,0,7349,1.3,1032.41
P0436,Beauty,West,6962.0,569.04,453,93.2,236,3.6,37.1,Winter,0,7506,0.94,6032.28
P0437,Beauty,North,6962.95,8519.26,337,12.2,229,4.2,28.1,Summer,0,9983,0.45,7090.18
P0438,Sports,South,9319.95,3489.88,361,62.3,275,5.0,9.8,Monsoon,0,4187,1.1,7810.52
P0439,Beauty,North,5073.66,5984.27,344,59.4,18,3.3,20.2,Winter,0,7981,1.58,5614.88
P0440,Books,South,2456.46,3063.88,453,29.7,80,3.8,1.3,Winter,0,1764,0.91,2445.76
P0441,Sports,West,636.73,8255.4,56,48.6,215,4.7,25.9,Winter,0,3381,0.7,827.75
P0442,Beauty,West,4273.29,9328.71,199,68.7,171,3.4,22.2,Winter,0,3397,1.88,5555.28
P0443,Books,West,3158.78,4293.99,470,75.4,255,2.8,26.7,Summer,0,2036,1.7,3524.7
P0444,Home & Kitchen,West,7658.67,9085.36,493,10.1,126,4.9,37.2,Regular,0,3594,1.39,6847.46
P0445,Beauty,South,3671.82,2936.21,210,94.3,255,3.7,27.5,Regular,0,7029,0.53,3868.92
P0446,Sports,East,9500.9,5697.7,291,24.8,72,3.8,12.8,Monsoon,0,751,0.55,8053.18
P0447,Fashion,South,9630.64,9042.42,479,31.0,38,4.1,7.9,Festival,0,7787,0.48,9615.14
P0448,Beauty,North,6284.9,3543.1,405,33.7,204,2.5,34.2,Regular,0,9696,1.35,4914.05
P0449,Fashion,West,9300.87,10025.72,443,13.4,172,4.8,7.8,Festival,0,3836,0.5,9055.12
P0450,Books,West,7656.37,1437.8,370,21.1,223,3.4,6.5,Regular,0,7312,1.73,5742.28
P0451,Home & Kitchen,North,5559.22,368.6,97,98.8,217,3.5,8.3,Regular,0,2521,1.99,4852.42
P0452,Electronics,South,1967.02,9510.68,424,38.4,245,2.9,20.4,Monsoon,0,5064,0.92,2557.13
P0453,Home & Kitchen,East,4694.26,888.45,489,20.4,191,3.4,5.0,Winter,1,6709,1.07,3520.7
P0454,Beauty,East,5696.57,10416.3,414,19.6,298,4.5,37.5,Monsoon,0,4310,1.51,6340.44
P0455,Fashion,North,8666.82,9998.42,313,74.8,182,4.5,38.7,Regular,0,5595,1.89,9447.64
P0456,Fashion,East,4917.07,1594.06,149,86.9,205,4.8,39.0,Winter,0,3094,1.82,4660.14
P0457,Sports,South,8997.21,5727.87,90,33.1,199,3.5,1.6,Winter,0,3933,0.4,8214.4
P0458,Fashion,South,6808.62,2088.38,157,11.9,165,4.3,37.8,Winter,0,2990,0.59,5308.28
P0459,Sports,North,1542.59,4598.56,6,30.1,242,3.8,39.9,Festival,1,5211,1.58,2005.37
P0460,Books,South,9950.82,813.91,346,15.1,130,4.5,37.7,Regular,0,1870,1.47,7463.12
P0461,Electronics,West,5366.88,2490.9,393,19.3,227,4.3,26.8,Summer,1,6934,0.53,4132.99
P0462,Beauty,North,4040.21,3928.98,264,48.8,122,3.4,28.0,Monsoon,0,2852,1.15,3993.11
P0463,Sports,South,6659.31,4706.84,168,30.7,44,3.3,4.9,Festival,1,2513,1.63,6412.55
P0464,Electronics,North,1267.15,10267.76,10,56.4,196,3.1,35.0,Monsoon,1,3421,0.67,1647.3
P0465,Fashion,East,6438.08,8517.17,153,32.8,204,3.9,2.4,Summer,0,7272,1.78,6918.65
P0466,Fashion,South,5082.71,7790.07,209,94.6,257,4.9,12.7,Winter,0,8577,0.39,6468.23
P0467,Electronics,West,4185.41,5722.27,122,91.5,17,3.0,39.6,Summer,0,5026,1.63,5092.16
P0468,Fashion,South,9539.6,8848.78,489,61.0,272,2.7,16.9,Monsoon,1,5117,1.35,8890.29
P0469,Books,North,5320.89,3681.81,93,41.9,9,2.8,5.2,Summer,0,7551,0.84,4899.64
P0470,Books,North,2347.35,7495.84,158,44.3,249,4.5,38.8,Regular,0,2838,1.53,3051.56
P0471,Electronics,South,4697.84,10435.85,443,47.1,201,3.4,39.4,Summer,0,4175,1.63,5877.38
P0472,Sports,West,9210.0,3426.97,171,75.5,59,3.1,7.5,Regular,0,3656,1.89,8200.23
P0473,Sports,West,1925.74,7135.86,472,50.6,140,3.4,34.6,Summer,1,1590,0.93,2503.46
P0474,Electronics,West,2296.78,8893.33,165,87.1,119,4.1,15.6,Regular,1,8816,1.47,2985.81
P0475,Sports,North,327.69,9631.13,274,95.0,41,3.9,15.3,Regular,0,270,1.32,426.0
P0476,Sports,South,339.06,7589.07,60,40.2,267,4.4,10.5,Summer,0,4972,1.19,440.78
P0477,Books,East,8328.04,3106.83,232,60.5,8,3.3,1.8,Festival,0,5663,1.81,8050.42
P0478,Sports,North,7374.8,3547.23,341,18.6,183,3.6,10.7,Winter,1,803,0.31,6094.42
P0479,Home & Kitchen,West,3679.4,394.22,153,28.0,134,2.8,2.2,Winter,1,7538,0.78,2759.55
P0480,Beauty,South,7043.45,8032.34,50,47.2,181,2.7,37.0,Winter,0,7256,1.22,8120.46
P0481,Fashion,West,4073.02,621.07,148,28.6,72,3.7,26.5,Regular,0,9262,0.6,3054.76
P0482,Home & Kitchen,East,9538.39,9103.21,242,88.9,113,3.3,35.5,Winter,1,9730,1.84,10139.86
P0483,Sports,West,9677.12,1404.58,276,24.2,107,4.0,28.7,Regular,0,7988,1.4,7257.84
P0484,Books,West,4049.38,1953.77,124,51.0,290,2.6,5.3,Festival,0,2011,1.11,3982.57
P0485,Electronics,East,8571.37,5097.75,344,64.5,117,2.8,37.6,Summer,0,6008,1.68,8033.39
P0486,Sports,South,7776.27,7794.93,417,72.3,120,4.7,36.0,Summer,0,3533,1.07,8059.13
P0487,Books,North,3238.0,1614.5,224,44.5,147,3.9,13.9,Regular,0,6685,1.25,2813.8
P0488,Beauty,South,2473.99,4721.53,12,88.2,210,4.3,4.5,Regular,1,8679,0.3,3216.19
P0489,Sports,East,4690.7,5163.03,348,61.1,296,4.6,28.2,Festival,0,8720,0.92,5336.49
P0490,Electronics,West,7857.22,2370.79,391,49.6,103,3.7,29.1,Winter,0,832,0.54,6189.77
P0491,Books,South,9609.64,1372.56,477,16.1,124,4.4,35.9,Festival,0,5153,1.47,7233.1
P0492,Books,North,7683.07,8811.86,279,51.8,245,3.8,2.1,Summer,1,4217,1.11,8115.57
P0493,Books,East,8581.03,5365.45,357,83.9,209,3.1,5.7,Summer,0,269,0.81,8373.74
P0494,Beauty,South,6110.03,328.41,70,65.3,109,3.3,23.9,Winter,0,9269,1.1,5631.39
P0495,Sports,North,8387.0,8466.77,83,84.9,50,3.7,24.8,Summer,0,8079,0.66,9078.45
P0496,Beauty,East,7887.32,10301.79,90,54.5,105,3.3,1.3,Regular,1,7196,1.87,8210.32
P0497,Fashion,North,3894.46,6433.16,128,20.7,27,3.3,15.9,Summer,0,339,0.39,4330.81
P0498,Fashion,East,5609.5,5378.27,206,11.2,288,3.3,23.4,Monsoon,0,429,1.77,5161.62
P0499,Sports,West,8086.58,9245.25,470,37.3,257,2.8,29.5,Winter,0,9620,1.17,7975.49
P0500,Beauty,South,651.36,10009.97,154,72.8,273,2.7,12.6,Winter,0,6936,1.35,846.77
P0501,Electronics,North,8119.18,7966.82,50,81.1,137,2.6,19.4,Winter,1,2008,0.81,9186.1
P0502,Books,East,1943.3,4777.07,117,36.6,32,2.8,32.6,Monsoon,0,8307,1.94,2526.29
P0503,Books,North,5243.9,6291.72,95,54.6,45,3.4,38.2,Festival,0,2233,0.78,6085.89
P0504,Sports,North,8121.1,7413.65,145,47.9,265,4.0,9.2,Regular,0,3824,1.3,7969.14
P0505,Fashion,South,2687.45,2184.9,293,46.9,30,3.0,10.1,Winter,0,3969,1.99,2604.89
P0506,Fashion,West,2608.91,4795.11,393,30.8,84,4.7,37.6,Summer,0,6252,1.8,2995.55
P0507,Books,North,4147.09,8743.76,222,22.3,166,4.5,15.8,Regular,1,827,1.21,5000.99
P0508,Sports,East,8967.5,6936.77,81,27.7,1,3.8,28.7,Summer,0,2616,1.98,8015.37
P0509,Beauty,East,204.34,4423.63,415,15.0,249,4.3,24.5,Regular,0,7454,1.49,265.64
P0510,Fashion,West,9033.55,7025.9,381,27.8,261,3.4,11.4,Regular,1,128,0.65,7412.68
P0511,Beauty,East,1707.31,1400.06,388,10.8,63,2.6,26.1,Summer,0,1631,0.99,1469.91
P0512,Fashion,West,9902.85,4323.46,338,66.5,164,4.8,26.2,Summer,0,8017,0.87,8980.24
P0513,Fashion,East,9557.5,8365.09,156,38.5,201,2.8,23.7,Regular,1,7889,0.88,8865.7
P0514,Home & Kitchen,South,5047.82,2455.65,327,97.6,222,4.9,4.0,Winter,1,2212,1.59,4999.11
P0515,Fashion,North,5224.66,2099.12,243,27.4,152,3.9,39.8,Summer,0,9227,1.29,4312.8
P0516,Electronics,South,4919.18,9992.45,119,41.1,132,3.3,16.0,Monsoon,1,1535,0.36,6059.1
P0517,Sports,North,6427.35,2346.14,323,42.2,114,3.7,25.5,Monsoon,0,5795,1.79,5357.73
P0518,Sports,North,1089.07,2872.68,373,10.8,217,3.8,35.4,Regular,0,2670,0.8,1374.16
P0519,Beauty,North,519.66,10186.44,98,85.5,196,2.6,16.9,Festival,0,1014,2.0,675.56
P0520,Fashion,South,765.49,7762.19,487,12.9,281,3.4,31.0,Regular,1,9070,1.92,995.14
P0521,Electronics,North,4554.78,7399.84,52,94.6,202,4.3,38.9,Regular,0,2723,1.9,5921.21
P0522,Beauty,South,2900.37,8982.2,195,90.3,135,3.8,14.4,Winter,0,5343,1.68,3770.48
P0523,Home & Kitchen,West,6295.99,1375.29,466,58.2,234,3.1,16.2,Winter,1,7309,0.68,4891.38
P0524,Beauty,East,9925.93,7465.47,16,58.9,141,3.3,36.2,Festival,0,1768,1.21,11357.51
P0525,Beauty,East,3985.97,5378.07,160,68.8,196,4.7,6.4,Festival,0,1278,0.68,4891.2
P0526,Fashion,North,5823.64,8736.83,176,44.8,43,3.8,1.1,Festival,0,3828,0.74,6932.43
P0527,Home & Kitchen,South,4272.92,5424.02,481,68.3,57,3.8,36.4,Festival,0,1890,1.34,4850.53
P0528,Beauty,East,8503.26,6580.89,431,14.0,142,4.9,32.9,Festival,0,547,0.37,7642.9
P0529,Electronics,South,9041.92,5110.3,405,14.9,210,3.3,38.9,Regular,0,586,1.95,7116.54
P0530,Electronics,South,8798.08,5114.6,300,51.2,72,3.7,2.3,Regular,0,3355,1.86,7913.88
P0531,Sports,North,9748.85,8105.45,181,59.5,224,4.5,6.2,Monsoon,0,7174,0.95,9579.74
P0532,Home & Kitchen,East,469.69,6666.81,345,89.9,27,4.4,4.2,Monsoon,0,9406,1.18,610.6
P0533,Home & Kitchen,North,8430.2,6715.28,61,19.4,128,3.2,27.3,Summer,0,2021,1.09,8397.08
P0534,Sports,North,7567.37,4826.92,347,84.0,106,2.9,24.2,Regular,0,7637,1.8,7482.15
P0535,Beauty,East,2441.21,5661.05,344,28.9,165,4.3,14.4,Festival,0,3577,1.47,3173.57
P0536,Home & Kitchen,East,9571.94,7875.81,452,45.5,215,3.1,2.3,Summer,0,349,0.77,8807.65
P0537,Electronics,West,1652.14,8703.71,207,38.5,71,4.8,25.6,Winter,1,2436,1.06,2147.78
P0538,Electronics,West,6859.59,7368.51,189,46.0,204,2.8,22.8,Regular,1,4013,1.03,6770.47
P0539,Fashion,South,2403.92,9716.43,125,23.5,153,3.3,4.5,Monsoon,0,4737,1.93,3125.1
P0540,Home & Kitchen,East,4427.53,8645.74,230,55.3,67,2.6,36.4,Regular,0,4221,0.6,5482.82
P0541,Beauty,West,7247.77,5978.43,206,82.1,90,4.3,8.0,Regular,0,3909,0.45,7246.89
P0542,Sports,South,5720.58,7108.91,334,49.7,260,4.7,29.7,Regular,0,9155,1.8,6038.11
P0543,Sports,South,4389.52,9739.5,367,54.2,228,4.1,35.4,Regular,1,3745,1.82,5453.57
P0544,Beauty,South,3398.12,6569.81,384,86.4,79,4.8,23.2,Winter,0,9162,1.78,4413.06
P0545,Books,West,8428.66,8692.01,458,73.5,96,2.8,9.9,Monsoon,0,9765,1.17,8421.47
P0546,Fashion,East,1609.38,7288.52,360,54.1,246,2.7,12.4,Regular,1,7292,1.42,2092.19
P0547,Sports,North,4415.01,5875.98,220,33.2,272,4.6,35.4,Winter,0,9991,1.26,4771.47
P0548,Home & Kitchen,South,9056.82,2675.77,464,89.6,157,4.6,11.9,Summer,0,6181,0.42,7730.87
P0549,Fashion,West,8489.33,4576.29,47,61.9,116,4.6,29.8,Regular,0,3667,1.31,8492.2
P0550,Home & Kitchen,West,4129.23,10167.11,379,29.9,18,4.5,39.6,Winter,0,2750,0.32,5368.0
P0551,Electronics,North,7678.46,6968.14,27,34.2,172,3.4,40.0,Festival,0,1055,0.85,8595.77
P0552,Fashion,North,8266.98,6004.56,159,82.3,16,3.0,21.3,Summer,1,1751,1.88,8173.34
P0553,Sports,West,8911.1,9808.11,190,14.0,240,4.8,33.1,Monsoon,0,3352,0.82,8489.53
P0554,Fashion,East,5536.16,6232.8,253,99.3,56,3.3,39.6,Regular,0,9045,1.9,6218.79
P0555,Fashion,North,2203.72,5609.17,241,21.7,79,3.5,15.0,Regular,1,3416,0.73,2839.94
P0556,Fashion,West,2702.03,8016.09,297,81.6,103,4.2,10.1,Winter,0,3212,0.83,3512.64
P0557,Books,North,3097.81,7534.71,138,45.5,284,3.2,4.6,Monsoon,0,8356,1.37,4027.15
P0558,Fashion,East,6019.26,2173.41,325,54.3,193,4.5,5.6,Festival,0,2187,1.59,5773.19
P0559,Home & Kitchen,South,521.53,5043.9,394,89.3,5,2.7,34.1,Summer,0,4902,1.15,677.99
P0560,Electronics,North,6433.22,5056.36,438,47.2,106,4.5,23.5,Monsoon,0,80,1.8,5745.97
P0561,Beauty,East,3770.67,4083.28,26,58.4,278,4.0,34.9,Regular,1,5998,0.37,4137.25
P0562,Fashion,West,3093.37,5518.47,365,14.4,100,3.9,31.6,Winter,0,1855,1.87,3373.92
P0563,Sports,North,8819.07,4443.27,92,10.2,238,3.6,26.9,Festival,0,6463,0.63,7923.74
P0564,Fashion,North,4708.02,2237.25,157,32.0,269,3.2,24.4,Winter,0,3619,1.8,4194.87
P0565,Sports,West,1131.52,4435.62,129,71.3,86,3.7,1.9,Summer,1,9678,0.98,1470.98
P0566,Home & Kitchen,South,8302.12,925.9,83,20.9,32,3.6,34.9,Monsoon,0,5360,1.72,6226.59
P0567,Sports,West,666.88,6122.11,350,20.2,51,4.0,16.7,Winter,1,506,1.44,866.94
P0568,Beauty,North,7322.14,8989.71,460,47.0,79,3.2,22.4,Winter,0,498,0.6,7582.79
P0569,Electronics,West,7784.28,7664.96,55,68.3,186,2.7,0.9,Regular,1,117,1.86,8441.01
P0570,Sports,East,3655.51,3899.27,220,74.1,174,2.9,37.4,Winter,1,4139,0.72,3939.49
P0571,Sports,West,8282.92,1078.57,180,26.1,106,4.2,36.1,Festival,1,1912,0.72,6726.5
P0572,Electronics,North,5253.46,2266.18,362,17.2,63,2.6,21.7,Monsoon,0,1852,1.68,3940.1
P0573,Beauty,West,4740.28,5809.46,257,94.6,76,4.6,23.1,Summer,0,7604,0.48,5515.25
P0574,Fashion,South,644.95,2316.83,458,33.5,81,4.2,28.2,Winter,0,8369,0.68,838.44
P0575,Sports,West,3042.29,5793.8,250,86.8,128,4.4,10.6,Festival,0,5945,1.16,3954.98
P0576,Electronics,South,9323.9,2570.1,231,87.7,183,4.6,8.9,Summer,1,9509,1.71,8302.54
P0577,Home & Kitchen,East,4039.87,8940.89,110,79.5,243,2.8,27.0,Festival,0,9284,0.55,5251.83
P0578,Electronics,South,5557.67,4279.84,197,25.2,185,4.6,4.2,Winter,0,5565,1.23,5213.2
P0579,Home & Kitchen,West,5413.81,2714.08,320,84.0,220,3.8,18.2,Winter,0,3788,1.51,5327.72
P0580,Beauty,North,5986.22,8563.21,306,79.2,71,4.7,19.7,Monsoon,0,417,1.76,6944.9
P0581,Fashion,South,801.04,3718.1,40,63.7,154,4.7,15.3,Regular,0,6251,1.89,1041.35
P0582,Electronics,East,3749.33,1330.55,446,40.3,245,2.6,7.4,Festival,0,2690,1.63,3254.0
P0583,Books,South,7286.66,6066.63,208,33.6,140,3.5,14.2,Regular,1,4957,1.41,6456.56
P0584,Sports,South,2165.49,6181.74,426,21.0,71,3.8,13.5,Regular,0,108,1.04,2815.14
P0585,Beauty,South,2195.07,7555.66,271,55.9,46,4.2,20.0,Summer,1,4306,0.49,2853.59
P0586,Electronics,East,298.89,2659.06,272,62.7,47,3.2,27.0,Summer,0,8344,1.51,388.56
P0587,Sports,West,4487.32,4759.72,174,42.3,79,3.1,38.7,Festival,1,4991,1.99,4828.55
P0588,Electronics,South,8850.8,3094.04,43,52.8,149,3.5,5.8,Regular,0,4557,1.55,8055.09
P0589,Home & Kitchen,South,708.63,1015.44,459,42.7,130,3.8,34.9,Monsoon,0,835,0.33,723.66
P0590,Electronics,North,2072.96,9226.65,143,67.7,127,4.9,11.4,Regular,0,2496,1.14,2694.85
P0591,Books,East,3238.83,7701.94,296,91.1,119,4.4,23.7,Summer,0,9198,1.34,4210.48
P0592,Electronics,South,7370.9,3291.1,56,24.8,262,3.6,21.9,Regular,0,8678,1.47,6745.38
P0593,Electronics,East,6478.23,6365.53,291,44.3,244,2.6,22.3,Winter,1,2415,1.52,6444.97
P0594,Books,South,4276.25,2257.04,293,22.7,103,2.9,28.9,Winter,0,4751,1.25,3823.39
P0595,Beauty,West,7638.88,9367.24,145,66.2,37,3.6,15.3,Monsoon,0,7467,0.68,8560.87
P0596,Electronics,West,6174.38,1365.83,150,75.6,142,4.5,12.8,Festival,0,5616,1.9,5953.62
P0597,Books,South,8981.2,219.6,429,93.9,37,3.5,34.1,Regular,0,8738,1.48,7252.59
P0598,Sports,West,8216.66,5360.72,318,35.1,8,3.8,8.8,Winter,0,9608,0.7,7766.6
P0599,Home & Kitchen,South,2677.57,6197.88,188,95.5,231,4.7,7.2,Festival,1,9264,0.85,3480.84
P0600,Home & Kitchen,West,2860.1,6154.92,156,15.7,296,4.8,0.6,Winter,0,6433,1.87,3521.17
P0601,Electronics,North,1428.49,742.56,205,64.3,107,3.0,8.4,Festival,1,1539,1.81,1392.78
P0602,Beauty,North,3502.25,3420.93,132,15.1,18,2.6,20.7,Festival,1,2384,0.99,3446.18
P0603,Beauty,North,9995.53,5331.73,291,90.4,83,3.3,21.5,Winter,1,7740,0.37,9912.77
P0604,Sports,East,4176.36,2415.1,315,57.7,288,4.2,10.2,Summer,0,3439,0.38,3906.4
P0605,Electronics,East,2360.79,9185.5,257,70.2,194,4.9,2.9,Festival,0,252,0.78,3069.03
P0606,Home & Kitchen,North,7672.33,1078.97,493,84.8,215,2.7,29.8,Regular,0,280,1.37,6109.33
P0607,Beauty,East,5516.22,5209.81,270,23.5,281,2.6,30.3,Winter,1,7097,1.29,5200.11
P0608,Electronics,West,1666.09,7315.41,192,13.5,220,4.7,39.9,Summer,0,3012,1.38,2165.92
P0609,Beauty,South,3930.76,2881.27,390,89.1,289,4.4,36.0,Winter,0,2377,1.52,3886.27
P0610,Books,South,4261.8,6622.16,234,38.3,194,5.0,37.0,Monsoon,1,2834,0.33,4684.11
P0611,Beauty,South,7587.53,8739.25,275,21.6,158,3.5,31.9,Regular,0,853,0.48,7436.97
P0612,Home & Kitchen,North,402.58,2144.28,263,52.2,104,3.5,24.6,Monsoon,0,5816,0.91,523.35
P0613,Fashion,East,2836.39,9645.72,303,63.8,34,2.9,5.1,Festival,0,3773,0.56,3687.31
P0614,Sports,West,5272.44,5892.72,419,12.8,102,2.8,24.9,Festival,0,6446,0.43,5390.16
P0615,Sports,West,2834.7,3268.07,202,34.7,127,3.9,2.2,Monsoon,0,225,1.39,2969.58
P0616,Home & Kitchen,North,6358.65,4626.46,327,13.0,214,3.4,35.4,Monsoon,1,9686,1.69,5282.98
P0617,Beauty,West,4922.3,3401.82,60,47.8,296,2.7,19.3,Festival,1,5741,1.58,5321.55
P0618,Electronics,West,3744.76,7663.15,323,90.6,179,4.7,27.9,Summer,1,3582,1.69,4868.19
P0619,Beauty,West,9502.24,8397.82,207,98.4,80,3.0,2.1,Regular,0,4399,1.43,10099.37
P0620,Home & Kitchen,West,6395.16,8775.91,275,67.3,141,4.4,21.4,Winter,0,1593,1.55,7363.1
P0621,Sports,East,1473.43,10353.13,113,24.5,31,3.2,12.1,Monsoon,0,5506,0.76,1915.46
P0622,Beauty,West,5688.9,8346.05,120,91.5,63,4.5,11.4,Regular,0,3463,1.99,6866.71
P0623,Sports,South,7851.17,6386.28,96,56.5,48,2.8,15.6,Winter,0,7135,0.61,7980.61
P0624,Electronics,North,7143.2,3680.75,142,23.8,87,4.4,0.0,Winter,0,4229,0.66,6284.19
P0625,Sports,East,1886.47,5800.23,426,93.0,61,2.7,18.7,Monsoon,0,9382,0.79,2452.41
P0626,Sports,West,9729.72,603.82,307,78.2,274,3.6,19.5,Summer,0,4857,1.96,8241.55
P0627,Fashion,East,4598.37,7866.59,61,75.9,284,4.3,34.5,Summer,1,7436,1.98,5977.88
P0628,Fashion,West,1758.45,4782.26,54,73.8,80,2.9,17.9,Regular,0,1990,1.65,2285.98
P0629,Books,South,1965.92,386.64,75,28.0,180,3.2,14.5,Regular,0,706,1.37,1643.92
P0630,Fashion,North,1162.7,825.07,403,29.0,272,4.7,39.8,Festival,0,2553,1.18,1062.02
P0631,Sports,West,8074.48,4178.65,406,71.9,77,4.7,22.8,Summer,0,708,1.95,7373.0
P0632,Home & Kitchen,West,1395.9,6200.91,86,29.8,221,2.6,18.9,Regular,0,7088,1.48,1814.67
P0633,Sports,West,1426.23,4970.58,376,49.5,282,2.9,19.8,Festival,0,8152,1.91,1854.1
P0634,Home & Kitchen,West,8534.62,6570.19,109,80.4,28,2.8,32.4,Winter,0,6075,0.84,8988.18
P0635,Home & Kitchen,North,3577.12,5136.64,92,80.6,77,2.9,13.6,Regular,0,9296,0.87,4127.23
P0636,Fashion,North,502.41,7008.78,6,50.8,164,4.9,15.6,Festival,1,6548,1.75,653.13
P0637,Beauty,South,708.57,2441.38,364,81.3,9,3.9,30.2,Summer,0,6398,0.55,921.14
P0638,Electronics,North,1593.27,1344.54,88,85.5,175,3.7,2.9,Winter,0,3091,1.91,1701.79
P0639,Fashion,West,2291.25,6335.2,486,68.9,76,5.0,34.6,Regular,0,2388,1.16,2978.62
P0640,Fashion,South,6718.43,5182.0,47,30.6,245,3.9,17.2,Summer,0,160,1.87,6664.26
P0641,Beauty,South,1741.8,457.27,158,34.7,122,4.2,23.3,Winter,1,5237,0.87,1369.54
P0642,Electronics,South,1364.97,4106.57,331,38.3,185,3.3,30.3,Monsoon,0,1768,1.52,1774.46
P0643,Sports,West,7694.25,1275.22,426,20.5,32,3.5,10.6,Summer,0,6566,1.12,5770.69
P0644,Books,East,6776.34,5663.6,98,34.6,250,4.0,35.6,Monsoon,0,175,1.37,6378.02
P0645,Books,West,4466.18,4264.43,302,28.9,57,2.7,39.2,Regular,1,8503,1.16,4070.37
P0646,Sports,North,5583.24,6507.73,137,51.0,144,3.1,19.8,Festival,0,2984,1.94,6476.97
P0647,Fashion,North,3257.44,8493.81,399,91.8,84,3.0,37.5,Regular,1,5967,1.48,4234.67
P0648,Electronics,West,4928.5,3272.58,69,19.4,56,2.5,0.0,Summer,0,1654,0.73,4788.96
P0649,Fashion,West,5165.39,10108.89,294,74.8,279,3.8,35.8,Monsoon,1,7640,1.85,6563.07
P0650,Home & Kitchen,South,3994.93,5707.75,380,71.9,273,3.9,12.4,Monsoon,1,2132,0.8,4129.82
P0651,Fashion,West,9084.41,6560.76,261,18.6,166,3.5,12.5,Winter,1,8896,0.93,7778.28
P0652,Fashion,South,357.41,7204.54,471,93.0,158,3.2,9.1,Regular,0,5143,0.47,464.63
P0653,Sports,North,7865.28,7060.67,390,61.2,249,4.1,12.7,Regular,0,7193,1.83,7408.27
P0654,Sports,South,1418.95,5453.22,217,42.7,186,2.8,8.5,Summer,0,334,0.79,1844.64
P0655,Sports,West,8015.96,4604.85,152,78.1,78,3.8,36.2,Monsoon,0,5616,0.74,7853.77
P0656,Books,North,6235.94,735.03,65,33.2,22,4.4,36.0,Summer,0,8268,1.86,5384.84
P0657,Home & Kitchen,East,8464.13,407.93,475,72.4,108,2.9,4.1,Summer,1,2324,1.67,6520.79
P0658,Sports,South,1155.64,3874.16,153,13.6,273,4.4,5.7,Monsoon,0,4022,0.54,1502.33
P0659,Electronics,North,5678.01,3623.38,92,85.5,252,4.4,34.5,Summer,0,9833,1.61,5885.53
P0660,Books,South,5110.66,4181.01,328,50.3,15,2.6,16.0,Monsoon,0,9370,1.85,4885.88
P0661,Beauty,North,7120.69,1607.96,387,67.3,160,2.5,6.8,Summer,0,4163,0.43,5777.92
P0662,Electronics,North,5436.05,7797.9,400,29.9,205,4.9,20.4,Festival,1,6779,1.7,5959.11
P0663,Electronics,South,5499.2,9023.87,282,70.9,113,3.0,16.7,Summer,1,8398,1.23,6435.79
P0664,Sports,East,4410.04,9867.54,408,79.5,168,4.6,8.8,Summer,1,1339,1.44,5733.05
P0665,Beauty,North,3226.58,5261.18,86,52.6,253,3.9,28.8,Festival,1,2561,1.14,4026.69
P0666,Beauty,North,4926.19,7412.93,133,65.6,186,3.2,25.3,Regular,0,5770,1.49,5655.98
P0667,Books,North,1361.23,9009.29,290,51.1,227,2.8,4.0,Monsoon,0,1205,0.36,1769.6
P0668,Beauty,East,9622.83,4496.76,386,90.5,16,3.7,37.0,Winter,0,2838,1.6,9025.94
P0669,Home & Kitchen,East,7201.23,3373.14,357,54.8,156,3.5,22.3,Festival,0,5203,0.36,6619.66
P0670,Sports,West,9534.18,9847.0,284,85.8,111,4.2,10.0,Regular,0,6276,1.07,10380.68
P0671,Beauty,South,2421.93,5501.78,274,82.1,1,4.8,8.3,Summer,1,3026,0.56,3148.51
P0672,Books,East,8817.54,5311.66,296,46.9,41,4.5,5.4,Regular,0,5301,1.7,7966.09
P0673,Home & Kitchen,South,8126.14,2021.25,457,30.7,48,3.2,17.0,Festival,0,3549,0.83,6724.55
P0674,Fashion,West,6836.09,1296.16,207,46.5,108,4.7,5.4,Summer,1,2963,1.07,5312.89
P0675,Fashion,South,6325.29,8870.54,28,84.4,161,4.6,16.6,Regular,0,253,1.03,7958.02
P0676,Home & Kitchen,East,3302.19,6517.85,448,30.5,161,4.8,6.0,Winter,0,1872,1.61,3935.52
P0677,Books,South,8200.83,3542.51,355,57.2,128,3.6,26.3,Monsoon,0,9601,1.12,6882.55
P0678,Home & Kitchen,East,5114.85,2158.72,315,82.5,210,4.4,31.4,Monsoon,1,8683,1.64,4517.14
P0679,Sports,South,894.74,5912.73,465,41.8,151,4.0,22.0,Festival,0,7021,0.42,1163.16
P0680,Sports,East,3266.06,6206.05,212,67.8,255,3.3,27.2,Summer,1,7475,0.63,4074.26
P0681,Fashion,East,9365.91,2316.17,284,32.1,218,5.0,37.5,Summer,0,9557,1.24,7877.99
P0682,Beauty,South,8536.67,8966.51,209,19.8,30,2.6,25.5,Monsoon,1,9390,1.91,7844.01
P0683,Books,West,9822.68,1049.61,156,81.5,45,2.9,14.6,Regular,0,5832,0.43,8076.33
P0684,Fashion,North,6354.34,3854.88,442,18.9,80,4.7,18.0,Summer,0,7976,0.37,5115.92
P0685,Beauty,West,2625.6,7201.57,30,34.4,39,2.7,34.4,Winter,0,9440,0.57,3413.28
P0686,Beauty,South,1795.59,3008.92,198,87.0,240,4.7,5.2,Winter,0,6053,1.39,2313.18
P0687,Sports,West,2031.76,8721.61,340,41.2,45,4.3,13.0,Summer,0,4225,0.98,2641.29
P0688,Electronics,East,394.0,7815.44,426,97.6,78,2.6,23.1,Summer,0,7836,1.7,512.2
P0689,Electronics,North,4028.68,8322.72,242,98.2,288,3.6,27.1,Monsoon,0,2909,0.42,5237.28
P0690,Home & Kitchen,South,2075.99,1409.18,325,34.1,280,4.4,30.5,Festival,0,3012,0.63,2028.0
P0691,Sports,South,4234.22,1630.45,79,13.7,116,4.0,12.7,Monsoon,0,1417,0.81,3623.53
P0692,Beauty,South,9362.95,3136.41,439,73.5,269,4.8,5.8,Festival,0,5260,1.37,8424.66
P0693,Books,North,4419.29,5526.56,167,50.6,53,4.7,38.2,Winter,0,2959,1.46,4835.17
P0694,Electronics,East,8804.25,7899.53,303,19.1,68,3.3,3.1,Festival,1,3455,0.51,8490.4
P0695,Beauty,South,6133.95,8813.0,33,73.7,182,2.7,3.8,Monsoon,1,4544,1.9,7528.65
P0696,Electronics,West,2621.89,7448.74,169,12.8,34,4.9,19.8,Summer,0,870,0.88,3408.46
P0697,Electronics,South,3687.38,9763.12,341,88.3,284,3.8,32.8,Festival,1,7752,1.51,4793.59
P0698,Electronics,South,1022.41,7803.83,190,22.5,249,2.7,31.0,Monsoon,0,7305,1.19,1329.13
P0699,Books,South,3467.93,3340.68,58,21.5,111,4.5,37.5,Winter,1,2712,0.68,3589.28
P0700,Sports,South,6839.9,2915.64,299,25.8,94,4.7,5.7,Festival,0,7154,1.74,6207.75
P0701,Books,East,906.69,7364.71,46,96.4,179,4.1,15.0,Winter,0,5422,1.69,1178.7
P0702,Fashion,West,2212.93,2170.42,416,72.4,47,3.6,11.3,Winter,0,4503,0.97,2225.8
P0703,Beauty,East,3938.12,1136.82,289,82.1,282,4.2,34.4,Regular,0,3179,1.3,3438.88
P0704,Sports,West,9824.09,5672.54,431,45.8,92,4.3,19.5,Festival,0,4666,0.74,9203.65
P0705,Sports,South,7891.65,8659.34,391,40.3,212,4.7,1.1,Monsoon,0,8136,1.47,7533.49
P0706,Sports,North,7388.17,1226.24,142,31.1,75,4.9,28.3,Festival,0,1716,0.83,6409.95
P0707,Sports,East,1338.67,8352.32,191,53.3,202,3.8,15.5,Festival,1,7439,1.73,1740.27
P0708,Books,North,7853.76,8555.42,494,59.7,297,4.5,21.2,Winter,0,3450,0.67,8075.55
P0709,Sports,East,7895.63,5157.07,402,66.9,211,4.9,35.8,Winter,0,2250,0.33,7384.67
P0710,Home & Kitchen,South,6090.81,771.44,208,33.1,134,2.9,10.3,Winter,1,9134,0.76,4568.11
P0711,Beauty,East,9905.55,1981.77,435,95.4,66,2.5,9.6,Winter,0,1033,0.62,8625.41
P0712,Sports,South,3387.49,7480.64,46,25.3,280,4.7,10.5,Monsoon,1,6673,1.16,4344.24
P0713,Beauty,East,9424.47,7525.55,354,96.9,28,3.0,13.5,Summer,0,8824,0.65,9758.81
P0714,Home & Kitchen,South,9164.36,9451.03,420,11.3,117,2.6,4.3,Regular,0,6101,1.6,7795.72
P0715,Home & Kitchen,South,312.51,6193.32,292,53.3,114,2.9,27.9,Winter,0,4165,0.71,406.26
P0716,Beauty,West,4611.14,1460.79,430,40.0,75,3.5,8.3,Winter,0,2690,1.5,3638.77
P0717,Electronics,South,9775.62,1433.0,420,50.4,202,3.0,37.0,Regular,0,6421,1.28,7331.72
P0718,Fashion,West,1210.59,7622.09,30,61.4,59,3.3,8.6,Winter,0,3467,1.98,1573.77
P0719,Electronics,South,5568.29,2076.66,375,49.2,15,4.9,10.2,Summer,0,6637,2.0,4461.65
P0720,Electronics,North,9793.78,3568.94,389,47.3,231,4.3,11.9,Festival,0,9130,1.78,8536.8
P0721,Books,South,5643.86,5208.03,60,75.9,105,4.3,30.7,Regular,0,1933,1.59,6220.39
P0722,Electronics,North,2060.19,435.57,257,71.7,165,2.7,17.1,Monsoon,0,4871,0.96,1742.48
P0723,Sports,North,5905.4,2747.81,126,85.0,199,4.3,32.8,Regular,1,3872,1.58,5342.56
P0724,Books,South,2203.52,4389.42,110,32.5,35,4.3,31.4,Summer,0,8388,1.93,2762.22
P0725,Books,North,5293.1,3065.85,134,64.9,162,4.1,37.2,Monsoon,1,1766,0.34,4800.87
P0726,Home & Kitchen,West,925.61,1587.34,341,62.7,245,3.1,30.3,Festival,0,5673,1.21,1196.58
P0727,Electronics,East,6133.73,7693.09,162,43.3,287,3.6,2.1,Winter,1,2527,0.67,6502.14
P0728,Home & Kitchen,South,5264.54,8571.68,380,53.7,19,4.6,33.5,Regular,0,9705,1.25,5706.46
P0729,Beauty,North,7453.58,2837.18,235,38.2,280,4.2,37.5,Monsoon,0,9552,1.09,6330.4
P0730,Fashion,South,6380.86,8172.01,459,22.8,182,4.3,39.7,Regular,0,418,1.28,6050.25
P0731,Books,West,5586.14,4158.91,312,29.2,147,4.0,5.0,Festival,0,9505,1.24,5517.65
P0732,Beauty,South,6959.83,5409.0,95,19.5,176,3.6,24.5,Regular,0,2899,1.93,5944.4
P0733,Beauty,South,1610.63,9013.93,397,71.5,163,4.4,8.0,Monsoon,0,2797,1.24,2093.82
P0734,Sports,North,6034.52,7919.52,26,69.5,175,2.7,10.5,Summer,0,7612,1.74,7557.19
P0735,Fashion,West,1886.68,8488.81,294,95.6,47,4.2,29.8,Monsoon,0,7189,0.84,2452.68
P0736,Beauty,East,9270.12,1592.24,114,75.7,256,5.0,39.1,Regular,0,6754,1.04,7981.34
P0737,Beauty,East,869.67,899.5,53,14.7,174,4.5,23.8,Festival,0,1937,1.1,973.79
P0738,Fashion,North,4417.67,9399.94,133,89.6,103,3.2,34.0,Winter,0,109,0.77,5742.97
P0739,Fashion,South,7018.82,4182.45,77,87.6,121,3.2,0.4,Winter,1,594,0.95,7476.56
P0740,Beauty,North,4688.62,3150.92,344,49.9,145,4.2,1.5,Festival,0,3114,1.32,4786.27
P0741,Fashion,North,1102.53,7658.87,57,62.7,42,4.7,23.9,Regular,1,6496,1.29,1433.29
P0742,Beauty,North,5623.11,8811.81,471,97.8,29,3.9,15.6,Festival,0,5853,1.38,7179.68
P0743,Beauty,South,6487.99,9080.89,360,57.9,273,3.8,35.6,Regular,0,1280,0.9,6774.34
P0744,Sports,West,7097.16,3441.09,384,91.5,14,2.9,12.1,Monsoon,0,7592,0.84,6406.79
P0745,Electronics,North,3857.95,8974.83,172,17.5,189,4.3,17.3,Summer,0,608,1.34,4982.34
P0746,Beauty,South,5723.87,602.44,49,27.2,295,4.3,21.1,Regular,1,9754,0.53,4513.66
P0747,Home & Kitchen,West,4616.73,692.51,456,49.7,183,4.9,10.9,Winter,0,6113,0.73,3533.86
P0748,Books,North,6786.15,6614.72,397,62.6,36,3.3,36.3,Winter,0,8911,0.37,6677.79
P0749,Electronics,East,5918.86,831.26,109,83.5,37,4.4,18.6,Summer,0,8499,0.42,5271.42
P0750,Electronics,West,5352.41,3529.97,154,98.9,14,3.6,17.0,Regular,0,1120,0.71,5360.95
P0751,Electronics,North,2645.34,7122.84,150,45.0,123,3.9,34.0,Summer,0,1100,0.33,3438.94
P0752,Sports,West,219.78,3660.59,208,14.3,83,4.5,12.5,Monsoon,0,4088,0.72,285.71
P0753,Beauty,West,1906.0,2033.47,366,82.1,159,3.1,32.7,Summer,0,5196,1.41,2009.83
P0754,Sports,West,1347.25,3083.54,303,64.4,102,3.4,4.9,Monsoon,0,4072,0.4,1751.42
P0755,Beauty,West,4601.03,4902.18,171,27.9,83,4.4,7.3,Winter,0,8386,1.04,4659.21
P0756,Sports,West,6200.13,5085.98,205,54.5,44,3.9,38.0,Monsoon,1,2684,1.85,5953.87
P0757,Sports,West,2288.23,8260.56,138,76.8,68,2.7,33.7,Regular,0,7338,1.65,2974.7
P0758,Books,North,9402.76,7921.58,215,79.3,48,3.6,15.5,Regular,0,9042,0.82,9489.33
P0759,Home & Kitchen,East,265.48,4894.36,52,55.0,57,4.0,25.5,Regular,0,1535,1.87,345.12
P0760,Sports,South,7768.55,8907.29,130,37.5,75,4.8,37.7,Regular,0,2873,0.86,7893.48
P0761,Books,West,6327.01,1358.93,243,97.6,22,3.0,8.5,Festival,1,722,0.42,6183.39
P0762,Fashion,South,3860.84,2815.25,11,69.7,132,4.5,2.4,Monsoon,1,4472,1.99,4070.31
P0763,Home & Kitchen,North,694.79,8724.72,468,46.7,267,2.8,21.5,Regular,0,1464,1.78,903.23
P0764,Sports,West,6349.37,4080.9,457,35.2,287,3.1,5.7,Summer,0,6165,1.09,5428.92
P0765,Electronics,East,3979.01,10305.79,276,75.8,120,3.1,7.5,Summer,0,3944,1.43,5172.71
P0766,Fashion,South,9375.42,4991.73,389,31.8,246,4.7,35.7,Festival,1,3896,1.44,8022.6
P0767,Fashion,West,5511.5,8352.78,375,25.5,56,3.0,0.3,Monsoon,0,9436,0.63,5705.57
P0768,Books,North,9408.58,4331.81,41,57.7,38,4.5,32.7,Monsoon,1,2074,0.64,8816.4
P0769,Fashion,East,2360.74,4565.52,491,36.1,245,3.7,20.7,Monsoon,0,1407,1.1,2692.9
P0770,Home & Kitchen,South,7312.11,4131.35,215,66.6,21,5.0,22.4,Festival,0,7526,1.85,7514.31
P0771,Sports,South,6249.04,7600.86,169,20.6,110,4.6,26.9,Monsoon,1,8098,0.32,6155.43
P0772,Sports,West,7446.2,5830.38,129,68.9,94,4.3,17.3,Monsoon,1,618,1.63,7169.5
P0773,Electronics,East,2303.75,9919.79,341,35.5,136,4.7,4.6,Regular,0,6540,0.4,2994.88
P0774,Books,East,6716.95,2769.19,196,10.0,231,4.1,4.1,Monsoon,1,7519,1.11,5037.71
P0775,Electronics,East,5080.8,1217.81,222,21.4,8,4.6,30.2,Regular,1,1995,1.38,3810.6
P0776,Fashion,East,7479.68,4238.46,218,94.0,290,3.2,8.8,Regular,1,8588,1.47,6925.73
P0777,Electronics,North,3405.04,6544.48,66,88.1,251,2.7,1.1,Monsoon,1,457,0.4,4426.55
P0778,Home & Kitchen,East,8922.56,9063.45,332,31.0,87,4.0,39.2,Summer,0,4278,1.01,8855.94
P0779,Sports,South,1026.15,3752.75,449,80.1,204,3.6,39.2,Winter,1,8855,1.29,1334.0
P0780,Fashion,South,8110.46,6927.08,385,64.8,219,3.6,15.1,Summer,1,7181,0.41,7535.73
P0781,Electronics,North,8640.93,3794.05,165,97.4,241,3.8,1.0,Monsoon,0,8347,0.53,8211.8
P0782,Books,South,8209.07,6549.71,70,43.6,258,3.4,29.1,Monsoon,0,2268,1.43,8284.08
P0783,Home & Kitchen,South,5224.72,9311.22,290,71.3,109,4.1,33.2,Summer,0,7761,1.19,6628.88
P0784,Home & Kitchen,East,4496.17,2567.61,243,15.7,256,2.6,5.0,Monsoon,1,4407,0.58,3623.37
P0785,Electronics,South,9963.37,4351.77,24,45.7,282,4.9,5.4,Regular,1,543,1.21,9006.41
P0786,Sports,North,2445.89,10430.5,192,96.7,220,4.8,32.9,Festival,0,3918,1.85,3179.66
P0787,Electronics,East,5559.38,9143.51,86,58.5,83,4.8,36.9,Monsoon,0,4435,0.33,6598.59
P0788,Fashion,West,6772.62,6007.08,367,35.9,107,3.4,31.6,Monsoon,0,5483,1.39,5929.4
P0789,Electronics,East,7068.5,5511.6,206,20.8,69,3.8,8.0,Summer,0,6278,0.43,6426.86
P0790,Home & Kitchen,North,2199.44,3117.08,412,73.3,97,4.9,16.5,Regular,0,1488,0.31,2404.7
P0791,Electronics,East,6609.14,5517.6,136,68.0,212,4.8,24.0,Summer,0,1402,0.56,6719.05
P0792,Sports,East,8220.02,8933.23,41,43.7,286,4.5,6.4,Summer,1,8286,1.02,8988.38
P0793,Books,North,690.18,7251.0,136,95.6,237,3.5,8.4,Monsoon,0,4960,1.66,897.23
P0794,Beauty,East,9132.91,3173.25,81,12.0,8,3.9,11.3,Regular,1,2430,0.78,6849.68
P0795,Electronics,North,489.14,2259.11,93,37.3,294,4.5,20.4,Monsoon,0,4610,1.36,635.88
P0796,Sports,North,3688.52,2916.95,465,92.9,189,3.2,20.4,Monsoon,1,249,1.0,3543.86
P0797,Sports,West,354.97,1931.91,406,38.9,81,4.1,32.6,Monsoon,0,4474,0.7,461.46
P0798,Books,South,956.02,1167.01,257,32.7,108,4.6,30.1,Monsoon,0,7897,1.17,1013.69
P0799,Home & Kitchen,South,9129.45,4505.49,348,58.1,67,4.3,36.5,Festival,0,4847,1.66,9152.59
P0800,Sports,East,3677.64,1349.25,198,84.1,174,3.7,33.3,Winter,0,6850,1.72,3411.8
P0801,Sports,East,4362.76,1954.14,180,19.3,43,4.0,10.2,Regular,0,7576,1.74,3421.8
P0802,Sports,West,2310.37,5828.39,37,94.9,187,5.0,13.3,Festival,0,6070,0.88,3003.48
P0803,Sports,West,6051.54,1878.66,62,81.6,200,4.0,20.0,Winter,1,2818,1.65,5866.16
P0804,Fashion,West,6029.07,839.24,471,26.3,39,4.5,0.6,Winter,0,2457,0.66,4521.8
P0805,Fashion,North,3847.56,3455.45,205,74.1,220,4.3,36.2,Winter,1,5547,1.56,4002.12
P0806,Home & Kitchen,West,3463.74,2453.69,32,44.6,4,4.3,1.8,Festival,0,3841,1.91,3772.17
P0807,Electronics,West,8872.65,5497.95,39,46.2,121,4.3,12.9,Regular,1,3343,0.32,8563.51
P0808,Sports,East,3956.19,1236.43,491,80.5,77,3.6,22.8,Summer,0,2896,1.05,3485.19
P0809,Books,West,5036.31,7938.27,129,96.7,179,3.7,20.7,Winter,0,7892,1.4,6296.77
P0810,Electronics,North,2976.39,9532.33,398,21.4,133,3.7,26.2,Summer,0,6558,1.49,3869.31
P0811,Books,North,7910.34,7852.25,325,47.9,229,2.6,21.1,Summer,1,3361,0.6,7992.79
P0812,Electronics,East,4094.99,5678.78,46,53.3,276,3.1,9.2,Monsoon,0,9679,1.95,4939.94
P0813,Home & Kitchen,West,5233.39,9062.09,89,43.9,152,2.9,8.0,Summer,0,176,1.35,6323.18
P0814,Sports,West,2682.9,7351.56,397,42.7,164,4.7,36.3,Monsoon,0,5656,0.58,3487.77
P0815,Sports,North,9879.06,288.89,192,14.7,290,3.2,10.6,Regular,0,9862,0.33,7409.3
P0816,Beauty,West,3056.66,4247.01,115,71.7,109,2.8,11.2,Regular,0,7744,1.63,3511.51
P0817,Books,West,7753.28,8961.82,275,49.3,126,2.8,16.5,Monsoon,0,3369,0.44,8142.62
P0818,Electronics,West,4389.46,3749.26,487,27.5,240,4.2,5.6,Regular,1,8723,0.54,3722.94
P0819,Electronics,South,2220.93,543.42,445,83.4,146,2.5,20.3,Winter,0,5481,1.28,1882.8
P0820,Fashion,East,8037.24,7880.57,329,82.2,252,3.7,26.6,Regular,1,4428,1.33,8276.72
P0821,Beauty,South,3469.35,8457.03,109,53.8,183,2.8,31.4,Monsoon,0,7219,1.47,4510.16
P0822,Fashion,East,8678.89,1837.33,410,36.9,72,4.6,28.5,Winter,0,2171,0.97,6588.94
P0823,Fashion,North,9169.52,5725.35,324,67.4,219,4.9,5.9,Summer,1,3185,1.62,8720.17
P0824,Fashion,West,8626.27,2160.98,45,35.9,207,4.9,18.2,Summer,0,6540,1.96,7800.8
P0825,Books,East,543.08,7602.5,219,31.2,173,3.6,1.5,Summer,0,6190,0.76,706.0
P0826,Books,South,7916.26,2982.4,75,75.7,141,4.1,0.7,Monsoon,1,288,1.5,7443.47
P0827,Home & Kitchen,West,4231.13,3443.34,60,13.6,272,4.0,17.6,Summer,0,1470,1.88,4144.12
P0828,Home & Kitchen,North,8762.48,8900.1,411,18.5,214,3.4,10.1,Regular,0,390,1.47,7576.65
P0829,Fashion,East,6451.95,5095.65,240,10.6,269,3.6,27.3,Summer,0,7570,1.46,5618.4
P0830,Beauty,East,8369.7,7091.87,285,23.8,20,2.7,29.0,Festival,0,5037,0.68,8585.71
P0831,Electronics,East,5094.43,4332.49,479,16.2,66,4.5,35.8,Festival,0,9728,1.21,4619.22
P0832,Books,West,5443.25,3255.43,109,99.6,147,3.1,30.4,Summer,0,4125,1.26,5751.55
P0833,Beauty,South,1615.0,6634.93,394,36.0,165,3.7,1.9,Summer,0,5462,1.49,2099.5
P0834,Sports,South,7883.08,1778.13,379,23.4,6,3.7,14.9,Festival,1,8974,1.99,5983.38
P0835,Books,East,4310.02,4029.36,166,31.7,14,3.9,10.9,Summer,0,3528,0.36,4113.47
P0836,Books,North,5100.79,2337.26,195,94.3,132,4.5,15.4,Winter,0,8403,0.41,5095.29
P0837,Home & Kitchen,North,7893.96,7360.6,13,56.8,243,4.2,6.4,Festival,0,7720,0.43,9258.0
P0838,Electronics,South,6068.68,9924.24,64,42.8,231,4.2,3.9,Monsoon,1,2545,1.56,7314.86
P0839,Electronics,North,2170.77,10453.67,385,88.6,228,3.8,20.8,Festival,1,7912,0.53,2822.0
P0840,Sports,South,5984.28,4826.86,309,45.5,162,2.7,28.8,Regular,1,8102,1.36,5504.7
P0841,Sports,East,4194.8,2786.11,229,40.2,283,3.5,28.1,Winter,1,8373,0.85,3750.51
P0842,Books,South,4801.35,4750.0,311,28.7,263,4.9,18.0,Monsoon,0,1907,1.08,4637.66
P0843,Fashion,South,477.45,8923.82,192,44.0,131,5.0,20.9,Summer,0,9484,0.67,620.69
P0844,Home & Kitchen,East,2258.29,2305.98,74,38.5,225,4.3,20.7,Regular,0,8913,1.77,2448.1
P0845,Home & Kitchen,North,2954.17,10005.63,297,71.0,258,3.1,27.7,Regular,0,554,1.3,3840.42
P0846,Books,South,7187.01,3708.05,291,36.1,234,2.8,1.9,Winter,0,7517,1.91,6414.64
P0847,Beauty,South,312.63,10353.49,486,61.9,24,3.5,28.4,Monsoon,0,2206,1.28,406.42
P0848,Fashion,East,4206.02,8834.44,173,15.9,271,4.6,23.3,Regular,0,9503,0.51,5096.05
P0849,Books,North,9255.46,8524.45,66,27.2,95,4.3,7.9,Monsoon,1,8534,0.59,9312.43
P0850,Fashion,South,1296.43,3460.78,353,46.7,142,4.7,2.0,Monsoon,0,4973,1.98,1685.36
P0851,Fashion,East,5260.96,270.58,446,94.3,182,4.0,4.3,Regular,0,9301,1.53,4235.1
P0852,Fashion,South,7907.92,4123.61,18,44.0,206,2.8,21.0,Monsoon,0,5604,0.38,7467.52
P0853,Books,West,9436.81,3294.67,168,69.8,81,2.8,30.3,Winter,0,5788,1.5,8717.04
P0854,Home & Kitchen,East,7518.41,565.94,424,33.0,274,2.6,13.4,Regular,0,2845,1.0,5638.81
P0855,Home & Kitchen,North,7261.54,5395.37,249,21.4,276,3.9,15.2,Winter,0,9443,0.82,6596.95
P0856,Fashion,North,8299.58,4339.28,339,15.3,208,3.1,37.4,Winter,0,6950,0.56,6873.48
P0857,Beauty,North,4572.77,6728.62,12,37.5,296,4.3,8.5,Monsoon,0,2210,1.73,5390.82
P0858,Electronics,North,8097.28,6590.64,158,24.2,39,4.2,4.1,Monsoon,0,7383,0.41,7064.35
P0859,Books,South,278.05,1426.11,40,25.7,288,3.3,13.7,Regular,1,7721,0.79,361.46
P0860,Electronics,South,9260.7,10262.28,52,78.5,124,2.9,29.8,Summer,0,6271,0.82,10884.24
P0861,Beauty,North,4544.4,2109.13,89,11.4,283,2.8,25.0,Regular,0,8960,0.57,3796.97
P0862,Books,North,5623.13,4775.23,32,60.2,180,4.3,16.6,Winter,1,9119,1.16,6121.25
P0863,Fashion,North,2697.85,5217.37,200,44.2,97,3.6,38.6,Monsoon,1,3317,0.32,3245.4
P0864,Home & Kitchen,South,7476.8,8570.81,450,55.6,191,3.3,29.4,Winter,0,4547,0.81,7833.94
P0865,Electronics,North,951.03,1204.05,212,60.7,74,4.6,2.5,Festival,1,7026,1.89,1111.27
P0866,Sports,North,8751.83,4603.61,474,38.2,273,4.0,29.8,Festival,1,8305,0.83,7443.0
P0867,Sports,West,8315.54,6666.14,208,36.6,49,3.8,1.0,Winter,1,2749,0.91,7685.48
P0868,Beauty,West,2317.39,2400.41,468,76.0,210,4.4,26.0,Summer,1,5594,1.1,2355.39
P0869,Fashion,North,8131.38,6655.47,311,88.4,116,4.5,8.4,Summer,1,422,1.25,8269.74
P0870,Electronics,East,7906.31,9712.22,108,27.3,23,4.2,27.9,Regular,0,4077,1.67,8045.72
P0871,Fashion,North,6395.72,10474.39,234,18.8,98,3.6,12.4,Regular,0,8547,0.62,7081.03
P0872,Electronics,West,3860.5,514.9,430,90.8,190,3.4,34.9,Regular,0,2564,1.78,3092.39
P0873,Beauty,East,2860.69,2611.27,105,41.5,182,4.4,13.5,Monsoon,0,981,1.59,2784.85
P0874,Beauty,East,2471.48,3382.37,33,59.6,148,3.8,24.8,Summer,0,7521,1.53,3049.35
P0875,Sports,North,3322.37,4298.98,131,42.4,23,4.3,11.4,Winter,1,2040,0.45,3588.32
P0876,Fashion,West,9054.87,2680.09,342,21.3,105,4.7,36.7,Festival,1,3706,0.34,7636.14
P0877,Books,West,960.88,2280.0,14,63.0,163,4.8,31.2,Summer,0,9657,1.31,1249.14
P0878,Sports,East,8322.94,10031.0,110,57.3,67,3.2,9.7,Summer,0,6840,1.77,9194.49
P0879,Fashion,North,3619.12,9659.14,171,28.3,290,3.0,38.0,Summer,0,8603,1.29,4704.86
P0880,Sports,South,5311.67,664.96,470,50.7,289,3.2,14.3,Regular,0,5433,0.66,3983.75
P0881,Books,South,7985.96,3676.55,261,81.7,46,4.4,26.1,Monsoon,0,765,0.45,7478.9
P0882,Home & Kitchen,West,8866.89,4361.13,299,63.1,81,3.4,29.7,Winter,0,9887,1.49,8229.68
P0883,Home & Kitchen,South,3578.86,2646.63,281,18.7,147,2.9,0.9,Regular,0,8784,1.53,3153.95
P0884,Home & Kitchen,West,4726.07,6669.97,69,59.3,222,2.7,38.4,Monsoon,0,1597,0.59,5765.81
P0885,Home & Kitchen,West,4262.26,6788.73,275,73.2,15,3.3,13.8,Summer,0,8042,0.35,5157.09
P0886,Electronics,West,329.86,8957.2,392,81.3,121,2.8,7.6,Monsoon,0,701,0.99,428.82
P0887,Home & Kitchen,South,3100.24,7825.77,192,66.6,78,2.9,34.0,Regular,0,1100,1.29,4030.31
P0888,Books,West,4700.05,5779.36,321,23.7,295,4.2,28.1,Summer,0,4792,1.5,4861.69
P0889,Beauty,East,4228.72,6925.02,408,73.9,241,2.5,3.5,Regular,1,5094,1.68,4827.36
P0890,Beauty,North,7274.91,3007.56,142,71.0,18,2.8,4.7,Winter,0,5106,1.34,6802.42
P0891,Electronics,North,3971.08,6300.34,347,12.2,256,4.6,28.6,Summer,0,9044,0.49,4364.58
P0892,Home & Kitchen,West,4995.89,5228.83,109,47.1,277,4.6,3.0,Monsoon,0,7311,1.46,5024.12
P0893,Home & Kitchen,North,4410.16,1556.11,38,40.0,27,3.3,36.7,Regular,0,1730,1.97,3906.69
P0894,Home & Kitchen,South,7458.14,2683.06,384,70.2,2,2.7,29.7,Festival,1,9849,1.84,6684.12
P0895,Sports,South,8657.13,3190.28,114,29.5,295,4.3,13.4,Monsoon,0,3572,1.78,6961.04
P0896,Fashion,North,5412.51,9718.87,436,63.2,239,3.4,14.5,Monsoon,1,2107,0.81,6183.73
P0897,Sports,South,7936.44,2557.59,37,92.2,13,2.6,20.3,Summer,0,2771,1.58,8158.16
P0898,Fashion,North,3108.51,3165.0,358,81.8,184,2.9,14.4,Monsoon,0,4871,1.75,3167.88
P0899,Home & Kitchen,North,5505.42,3991.73,235,92.9,194,2.8,31.3,Regular,1,2613,1.45,5445.35
P0900,Home & Kitchen,North,3583.25,7029.83,321,98.1,56,4.0,39.0,Festival,1,252,0.73,4658.23
P0901,Sports,West,4259.17,1400.22,270,11.0,230,4.7,23.4,Winter,1,991,1.92,3294.71
P0902,Sports,North,7377.66,10024.71,186,66.0,28,4.5,17.8,Festival,0,638,1.07,9305.54
P0903,Fashion,West,8840.29,9112.69,344,47.2,71,3.9,8.9,Regular,0,8812,0.52,9021.9
P0904,Beauty,North,1390.65,6136.87,69,87.4,210,3.6,26.1,Summer,1,8437,0.49,1807.85
P0905,Fashion,North,6419.46,7136.07,337,32.7,184,4.0,27.4,Regular,0,9587,1.4,6493.54
P0906,Sports,North,5905.01,351.94,5,98.3,41,3.6,27.4,Monsoon,1,8659,1.04,5348.13
P0907,Books,South,1360.47,3677.91,137,65.2,260,3.1,1.1,Summer,1,1692,0.46,1768.61
P0908,Sports,West,2276.56,8391.21,84,81.4,84,4.2,36.0,Winter,1,1415,1.56,2959.53
P0909,Books,West,3247.82,979.62,275,17.7,46,4.7,13.5,Winter,1,7606,1.66,2536.37
P0910,Electronics,North,1835.92,3093.48,245,26.5,159,3.4,29.8,Regular,0,58,1.53,2080.59
P0911,Sports,North,2588.55,6220.26,32,78.3,7,4.6,30.4,Monsoon,0,581,0.64,3365.12
P0912,Electronics,South,2822.49,2826.18,227,12.0,136,3.6,26.0,Winter,0,9794,1.47,2697.1
P0913,Beauty,South,3489.6,9818.65,27,83.5,183,3.5,15.8,Festival,0,1085,0.32,4536.48
P0914,Fashion,South,7544.03,1532.53,500,11.3,197,2.6,24.3,Summer,0,1667,0.82,5658.02
P0915,Books,West,5804.74,8409.11,113,69.1,172,4.2,1.6,Festival,0,6772,0.98,7335.38
P0916,Fashion,West,9865.22,5422.03,111,42.9,276,4.5,30.5,Winter,1,3766,1.72,8671.95
P0917,Electronics,West,4264.41,7923.41,149,65.0,78,4.2,4.0,Winter,1,6125,0.96,5330.11
P0918,Books,North,7587.88,3386.58,373,72.6,178,2.9,15.9,Regular,0,1126,0.32,6240.2
P0919,Fashion,West,8740.39,5489.53,358,40.8,27,2.8,4.1,Regular,0,7653,0.9,7357.19
P0920,Sports,East,6853.99,9022.54,401,19.7,120,3.9,33.5,Summer,1,4065,1.15,6602.68
P0921,Home & Kitchen,East,4236.27,4998.18,402,16.3,281,3.5,22.0,Regular,1,7179,1.91,3614.7
P0922,Electronics,South,7585.23,3892.31,143,63.0,196,3.6,27.6,Monsoon,1,3012,1.9,6758.14
P0923,Fashion,West,2195.94,5713.12,288,56.9,277,4.9,27.3,Summer,0,4890,0.61,2854.72
P0924,Electronics,East,3410.01,7583.18,302,76.8,18,4.3,33.7,Monsoon,1,962,0.61,4433.01
P0925,Electronics,South,5557.52,4757.57,484,55.9,295,3.5,5.3,Regular,0,4199,0.58,5080.9
P0926,Books,West,5839.01,9869.21,103,48.0,271,2.5,26.4,Summer,1,4120,1.64,6752.75
P0927,Books,North,416.99,3223.84,321,45.8,53,2.6,23.0,Winter,1,5749,0.31,542.09
P0928,Home & Kitchen,East,9462.12,5086.78,127,12.4,294,4.2,1.2,Festival,1,5972,0.52,8542.19
P0929,Sports,North,7026.95,7991.49,324,40.2,52,4.6,8.1,Winter,0,8585,1.21,7391.86
P0930,Electronics,West,5057.9,7291.73,291,97.8,216,4.3,10.7,Monsoon,1,9434,0.72,6027.01
P0931,Fashion,East,9344.65,9092.78,85,88.6,72,3.5,2.9,Winter,0,5330,0.46,10312.51
P0932,Beauty,West,4503.14,10467.07,499,39.6,28,2.6,14.2,Winter,0,8944,0.91,5695.13
P0933,Electronics,North,9808.27,4585.18,461,62.9,252,4.9,1.1,Festival,1,1948,0.77,9047.5
P0934,Electronics,East,5220.39,1327.08,14,86.3,35,5.0,22.1,Festival,0,6605,1.17,5503.27
P0935,Home & Kitchen,North,1320.0,493.89,12,49.7,201,3.9,8.5,Winter,0,8440,1.96,1296.3
P0936,Sports,West,7695.05,7681.37,409,11.6,249,2.7,11.5,Festival,1,3282,0.51,7258.08
P0937,Beauty,West,6853.2,9199.82,209,16.7,99,3.9,36.4,Winter,1,2872,0.93,7081.48
P0938,Books,North,7775.27,2457.75,319,55.9,140,4.7,20.1,Summer,1,4534,1.88,6532.87
P0939,Books,East,9524.13,1815.18,438,97.2,83,4.2,10.8,Winter,0,8715,1.79,8405.7
P0940,Fashion,North,7809.6,821.96,201,72.4,48,4.3,23.9,Regular,1,5550,0.97,6069.28
P0941,Beauty,West,6191.1,8670.29,202,16.4,278,2.7,8.1,Festival,0,1704,1.49,7137.89
P0942,Books,North,8601.63,3393.46,34,27.0,248,2.8,3.0,Festival,1,641,0.45,8212.63
P0943,Fashion,West,6797.82,4325.51,483,79.4,177,2.8,0.8,Monsoon,0,1898,1.51,6392.01
P0944,Sports,North,4199.57,5368.38,405,85.7,52,4.8,38.1,Monsoon,1,5241,1.95,4447.95
P0945,Fashion,East,8879.07,8843.16,463,65.6,79,3.8,29.0,Regular,0,3091,1.21,8633.35
P0946,Books,East,2374.62,6896.6,24,68.0,64,4.5,32.0,Festival,1,217,1.15,3087.01
P0947,Home & Kitchen,North,7203.48,6527.47,52,12.6,8,2.8,39.2,Festival,0,4429,0.62,7854.52
P0948,Home & Kitchen,North,8839.32,1992.94,461,84.6,214,4.8,37.3,Monsoon,0,7711,1.38,7537.54
P0949,Home & Kitchen,East,7366.9,5476.12,134,80.9,25,4.6,29.5,Monsoon,0,7017,1.3,7374.74
P0950,Books,West,7033.3,7562.73,297,33.3,256,3.1,27.8,Winter,1,7333,1.41,6987.58
P0951,Home & Kitchen,East,7575.86,10224.05,389,73.8,243,4.7,13.5,Festival,0,4060,0.34,8899.37
P0952,Beauty,West,4757.54,2258.51,136,29.3,198,3.2,4.2,Festival,0,5036,1.23,4246.34
P0953,Sports,North,8766.87,278.49,360,13.6,94,3.0,22.9,Winter,0,3898,1.31,6575.15
P0954,Fashion,North,2193.68,957.11,58,28.1,207,3.2,23.1,Festival,1,2231,0.65,2101.39
P0955,Fashion,West,1448.39,4058.8,382,26.1,15,4.8,38.1,Regular,0,9896,0.65,1882.91
P0956,Books,North,2997.99,8648.02,285,40.4,178,4.8,17.7,Monsoon,0,882,0.77,3897.39
P0957,Home & Kitchen,West,5409.46,253.71,391,47.7,75,3.3,27.6,Monsoon,0,1071,1.51,4057.1
P0958,Home & Kitchen,South,5203.51,4893.46,269,55.8,104,4.3,23.0,Monsoon,1,3542,1.33,4967.65
P0959,Electronics,East,8241.87,3577.66,474,52.9,294,4.2,7.1,Summer,0,9136,1.74,6868.61
P0960,Sports,South,4164.77,721.61,219,34.4,168,4.5,23.7,Regular,1,9757,0.8,3123.58
P0961,Beauty,West,4946.58,4826.44,464,12.6,115,3.2,21.6,Regular,1,338,1.85,4288.08
P0962,Fashion,East,331.0,2809.01,462,64.5,39,3.8,19.8,Winter,0,7866,1.56,430.3
P0963,Electronics,West,4215.44,3811.45,294,45.6,273,4.2,20.5,Summer,0,1126,0.97,4089.01
P0964,Electronics,East,6548.19,7461.95,47,36.9,135,2.6,6.6,Festival,1,1421,0.46,7511.14
P0965,Books,East,351.98,5562.41,78,88.0,232,3.4,18.5,Regular,1,1124,0.74,457.57
P0966,Fashion,East,2952.64,1466.36,354,77.2,39,4.2,24.2,Summer,1,4984,1.93,2530.79
P0967,Books,East,2237.97,10101.8,282,87.2,291,3.1,19.6,Summer,0,89,0.83,2909.36
P0968,Beauty,West,611.46,6742.6,330,54.5,47,4.9,19.5,Regular,0,4324,0.86,794.9
P0969,Electronics,East,4896.75,8083.76,246,21.8,36,2.6,3.1,Winter,0,232,0.62,5530.31
P0970,Electronics,East,1980.89,997.48,134,72.7,95,4.9,7.6,Summer,0,5546,1.67,1926.48
P0971,Sports,South,7482.2,665.64,354,28.5,13,3.0,12.8,Monsoon,0,8738,0.77,5611.65
P0972,Beauty,North,8509.69,380.7,198,49.7,146,2.6,16.8,Summer,0,8838,0.86,6509.99
P0973,Electronics,North,5546.73,2128.35,36,15.9,65,3.2,23.8,Festival,0,2558,1.0,5410.24
P0974,Beauty,South,9820.73,4456.69,110,84.3,228,4.5,34.5,Regular,0,8926,1.04,9128.36
P0975,Fashion,South,4614.69,9837.73,404,21.3,242,4.4,6.4,Festival,0,8122,1.0,5774.95
P0976,Home & Kitchen,West,5231.01,4896.86,208,91.3,8,3.0,0.6,Winter,0,368,1.16,5674.61
P0977,Electronics,West,9894.33,3175.43,5,87.8,43,3.0,18.0,Monsoon,1,9677,1.68,9489.08
P0978,Sports,West,2469.17,5979.17,249,51.8,244,4.1,17.3,Regular,0,2453,1.69,3209.92
P0979,Fashion,South,9436.95,1335.16,76,77.0,181,3.6,22.1,Summer,0,778,1.66,8980.04
P0980,Beauty,South,619.81,6470.1,436,65.8,85,4.5,33.3,Monsoon,0,1337,0.47,805.75
P0981,Books,East,4574.59,6046.22,310,82.3,155,2.6,32.1,Summer,0,4051,1.66,5340.4
P0982,Fashion,West,886.03,8353.37,401,48.9,275,4.0,4.0,Winter,0,5656,0.5,1151.84
P0983,Electronics,West,7346.5,10362.62,19,80.7,23,4.3,37.4,Regular,0,8802,0.51,9102.94
P0984,Beauty,West,6162.41,2769.01,57,51.6,115,5.0,4.4,Winter,0,1425,1.91,6169.59
P0985,Home & Kitchen,North,7125.02,5439.65,432,94.7,299,4.2,25.4,Winter,1,9707,1.69,6957.93
P0986,Fashion,East,3869.91,9559.49,12,53.8,99,3.1,26.9,Winter,0,74,1.24,5030.88
P0987,Electronics,West,3820.92,8283.16,334,51.6,104,2.8,27.2,Winter,0,1204,1.79,4967.2
P0988,Sports,West,644.13,5210.03,50,80.7,51,4.1,10.6,Summer,1,1509,1.98,837.37
P0989,Books,West,3629.46,9936.24,329,83.9,112,3.8,13.2,Festival,0,5157,1.34,4718.3
P0990,Beauty,North,9307.03,770.68,118,59.9,244,4.7,21.9,Summer,1,4756,1.34,7222.07
P0991,Fashion,North,3916.42,9787.91,151,26.2,169,4.3,8.0,Monsoon,0,9462,1.58,5091.35
P0992,Fashion,South,8347.4,701.24,499,52.1,72,3.8,0.8,Winter,0,2206,0.69,6260.55
P0993,Home & Kitchen,East,8454.79,5828.18,170,97.1,139,3.5,22.5,Monsoon,0,6029,0.58,8722.92
P0994,Home & Kitchen,South,3857.76,9369.35,383,77.8,231,3.5,18.6,Summer,1,7993,1.59,5015.09
P0995,Sports,East,6393.49,2891.28,143,83.0,239,3.1,26.3,Winter,0,6092,0.89,6263.75
P0996,Books,North,1134.64,5053.6,121,13.0,253,2.5,5.9,Summer,0,8961,0.53,1475.03
P0997,Sports,West,1216.05,3527.07,303,52.1,49,3.9,33.6,Winter,0,7536,0.84,1580.86
P0998,Electronics,South,676.85,10006.13,280,68.2,72,3.0,5.8,Summer,0,1155,0.91,879.91
P0999,Electronics,West,5893.95,8680.02,408,84.7,263,3.0,35.7,Regular,1,3819,1.94,6619.03
P1000,Sports,South,4375.5,7496.9,281,14.4,222,2.8,18.0,Festival,0,2529,1.49,5205.58
P1001,Books,North,5570.72,6244.31,342,86.7,77,3.0,22.0,Festival,1,4781,1.2,6461.07
P1002,Sports,North,5306.52,8648.51,317,59.4,62,2.6,35.9,Winter,0,3222,1.95,6457.31
P1003,Books,North,3631.99,4228.2,182,27.8,157,4.2,12.0,Regular,1,8235,1.84,3621.55
P1004,Books,South,6839.24,4798.74,334,38.6,294,3.5,7.3,Monsoon,0,7118,1.17,6131.63
P1005,Beauty,East,7633.32,7713.62,358,35.4,125,3.9,17.8,Regular,1,6607,1.84,6742.36
P1006,Books,South,343.36,3872.03,158,57.8,229,4.1,9.8,Winter,0,3380,0.99,446.37
P1007,Home & Kitchen,East,2230.97,839.46,418,14.7,161,4.9,21.1,Regular,1,6072,0.69,1673.23
P1008,Books,South,7189.71,947.13,205,24.3,29,2.7,11.0,Monsoon,1,2108,0.7,5392.28
P1009,Books,South,3988.88,1370.54,370,83.1,114,3.5,34.6,Winter,0,5740,1.43,3456.58
P1010,Books,North,6692.34,9155.11,119,21.9,79,3.1,24.3,Festival,1,5821,1.15,7528.71
P1011,Electronics,West,3600.23,5053.38,163,31.0,23,3.7,0.0,Regular,0,1920,1.42,3827.21
P1012,Home & Kitchen,West,4029.4,7536.95,46,50.8,106,4.8,32.2,Festival,1,3671,1.47,5238.22
P1013,Home & Kitchen,East,1755.05,4234.82,251,56.5,131,4.3,13.2,Festival,0,9387,0.34,2281.56
P1014,Sports,West,2730.66,2849.9,72,78.7,173,4.2,12.8,Summer,0,4041,0.39,3214.99
P1015,Beauty,South,6133.04,3763.02,449,50.3,264,3.6,15.3,Monsoon,1,8366,1.21,5105.16
P1016,Books,South,4445.0,8375.96,449,81.1,285,4.2,25.2,Regular,0,8553,0.62,5299.12
P1017,Fashion,North,7788.17,6632.23,330,65.7,2,2.6,17.7,Festival,0,824,1.38,8401.44
P1018,Beauty,North,8555.33,9856.44,338,20.2,233,4.0,25.1,Festival,1,8935,1.24,8847.04
P1019,Beauty,West,5508.13,7194.55,200,24.1,251,3.9,5.9,Monsoon,0,5328,1.3,5751.5
P1020,Home & Kitchen,East,7631.02,6064.27,94,49.3,108,3.4,38.8,Festival,0,1426,0.81,7991.03
P1021,Beauty,West,3207.66,6477.22,115,45.7,276,3.0,29.2,Festival,0,5989,1.39,4169.96
P1022,Books,West,4266.72,9905.27,372,76.9,180,4.5,10.0,Festival,1,9231,1.71,5546.74
P1023,Books,West,7185.22,8314.23,363,62.3,213,2.6,29.0,Festival,1,2896,2.0,7678.8
P1024,Electronics,West,3984.88,428.11,149,44.9,293,2.7,23.0,Summer,1,6867,1.73,3052.08
P1025,Books,South,5967.35,5692.32,279,25.4,72,3.6,4.4,Summer,1,7480,1.25,5720.81
P1026,Books,East,2016.65,7283.65,183,30.4,283,3.1,7.1,Winter,0,9994,0.63,2621.64
P1027,Home & Kitchen,South,6077.76,7906.57,245,61.8,175,4.4,1.7,Regular,0,1766,1.46,6669.67
P1028,Books,East,8642.83,2379.63,330,48.1,123,4.1,32.4,Monsoon,0,9868,1.89,7002.91
P1029,Electronics,North,8712.67,9129.27,323,56.3,227,4.4,22.1,Winter,0,6830,0.66,9000.54
P1030,Fashion,West,7298.58,10044.3,481,25.4,83,3.3,12.7,Summer,0,3381,0.74,7176.94
P1031,Home & Kitchen,South,7508.38,2622.9,335,69.7,253,4.4,5.1,Summer,1,9131,0.55,6636.01
P1032,Fashion,East,5667.69,9288.59,468,86.7,146,4.7,19.4,Summer,1,1428,1.55,6687.29
P1033,Home & Kitchen,North,5929.75,1180.82,418,33.2,120,3.4,21.0,Winter,0,4634,0.99,4447.31
P1034,Sports,North,1509.78,754.89,157,54.2,65,3.3,28.1,Summer,1,7431,0.41,1363.21
P1035,Beauty,West,4549.82,1513.59,108,97.8,281,4.7,38.8,Winter,1,4325,1.79,4257.1
P1036,Sports,East,4617.61,775.89,79,40.0,283,2.6,17.4,Summer,1,5588,1.25,3893.48
P1037,Books,South,9593.28,8900.53,132,63.6,106,3.4,16.2,Festival,0,9949,0.86,10808.89
P1038,Fashion,West,4424.65,789.4,203,18.1,300,2.8,14.8,Festival,0,7360,0.88,3744.94
P1039,Books,South,5583.56,2983.57,158,64.5,107,2.6,33.1,Regular,0,281,0.79,5091.16
P1040,Beauty,North,5425.86,1250.77,60,18.1,36,2.8,6.3,Summer,0,9854,1.07,4674.88
P1041,Home & Kitchen,South,6440.26,3228.76,282,96.3,147,3.6,13.8,Regular,0,5472,0.87,6295.94
P1042,Beauty,South,7532.68,1114.57,349,74.4,262,4.2,29.0,Winter,1,4476,1.23,6616.86
P1043,Electronics,West,2405.41,7073.79,23,80.9,159,3.2,0.6,Regular,0,297,1.61,3127.03
P1044,Beauty,South,5381.5,1555.93,163,73.4,265,4.6,11.6,Summer,0,4428,1.45,4743.16
P1045,Electronics,West,8293.99,8971.05,30,63.1,202,3.6,25.7,Winter,0,3791,0.8,9753.65
P1046,Beauty,North,4738.52,8613.41,430,50.5,155,4.9,7.4,Winter,0,112,1.2,5621.63
P1047,Electronics,West,2928.88,320.99,173,87.3,13,4.9,12.1,Festival,0,4273,1.73,2793.22
P1048,Fashion,West,6616.15,9423.9,488,96.1,297,4.4,19.4,Winter,0,1601,0.42,7792.67
P1049,Books,East,8272.92,478.71,27,54.9,85,4.8,16.9,Winter,1,6356,0.43,6952.53
P1050,Books,South,818.77,2653.14,51,93.8,280,4.3,4.2,Regular,0,3055,1.25,1064.4
P1051,Sports,North,7812.55,514.26,17,62.5,245,4.7,37.5,Winter,1,3372,1.39,6844.33
P1052,Books,West,8252.15,3645.9,221,58.5,300,3.1,1.8,Monsoon,0,8047,0.66,7285.14
P1053,Home & Kitchen,North,4722.92,5483.1,326,50.9,9,3.4,30.0,Festival,0,8536,1.57,5365.55
P1054,Beauty,East,9836.4,8401.38,198,28.8,247,4.4,2.9,Festival,0,932,1.4,10038.44
P1055,Sports,South,7909.74,3667.97,148,10.3,278,3.6,18.7,Winter,1,443,1.87,6331.26
P1056,Home & Kitchen,West,7781.89,7460.66,77,31.7,238,4.6,7.0,Regular,1,2789,0.59,7802.44
P1057,Home & Kitchen,South,7528.82,2115.05,160,55.9,203,4.7,5.6,Festival,0,4217,1.58,7147.52
P1058,Electronics,East,1675.96,7926.18,81,44.2,247,3.2,5.0,Festival,0,4463,0.44,2178.75
P1059,Books,East,2328.86,2615.48,423,50.4,235,4.6,18.1,Monsoon,0,4740,1.26,2283.38
P1060,Fashion,North,4747.1,1661.38,173,98.3,81,2.9,20.6,Winter,1,4524,1.24,4407.99
P1061,Fashion,West,2787.24,2093.42,465,41.5,13,3.3,5.3,Festival,0,4281,0.96,2702.16
P1062,Sports,North,4269.36,2058.89,291,50.7,16,3.8,39.2,Festival,0,2827,1.74,4129.49
P1063,Fashion,East,8906.95,5472.74,89,22.0,45,3.1,10.3,Festival,0,1451,0.31,8417.49
P1064,Beauty,South,8278.4,8898.31,420,14.3,139,3.9,18.4,Festival,0,8136,1.18,8009.69
P1065,Fashion,North,6374.39,1001.52,186,79.8,148,3.9,8.7,Regular,1,955,0.67,5259.4
P1066,Sports,North,8609.58,7475.79,486,61.4,236,3.0,19.8,Summer,0,579,1.56,8599.06
P1067,Fashion,South,7880.97,6932.86,460,78.5,191,4.5,30.2,Monsoon,0,8061,0.37,7639.26
P1068,Beauty,North,4404.05,9184.41,319,23.5,101,4.1,20.8,Regular,0,7128,1.71,5406.85
P1069,Electronics,South,2170.44,2699.6,301,61.5,105,3.3,11.4,Monsoon,0,4668,1.72,2414.92
P1070,Sports,West,5239.17,4825.13,116,32.8,250,3.1,9.9,Festival,0,3771,1.72,5438.25
P1071,Electronics,South,7415.04,9734.54,454,30.5,94,4.7,30.4,Monsoon,1,8628,0.56,6842.78
P1072,Electronics,West,4476.91,6991.13,234,11.0,220,4.6,4.7,Winter,0,2671,1.37,4982.05
P1073,Electronics,South,6734.36,4192.09,100,21.7,298,3.1,14.8,Winter,0,6776,0.32,5995.01
P1074,Home & Kitchen,East,1124.41,1536.18,442,37.8,133,2.6,6.1,Summer,0,622,1.74,1171.44
P1075,Books,East,7530.45,2888.85,172,20.5,155,4.5,10.3,Summer,1,693,1.53,5931.95
P1076,Home & Kitchen,West,8164.59,6178.14,382,98.7,28,4.0,6.1,Monsoon,0,4121,1.2,8197.02
P1077,Books,West,7127.01,7591.49,160,37.8,282,2.8,35.5,Regular,1,8121,1.54,6844.99
P1078,Electronics,East,9679.18,1464.03,425,21.7,116,4.0,29.3,Regular,0,7063,0.46,7259.38
P1079,Sports,West,8301.19,6367.84,109,27.9,234,3.6,22.4,Festival,1,9534,1.2,8118.94
P1080,Books,South,9050.32,5859.63,197,62.9,1,4.4,9.0,Regular,1,5655,0.8,8351.95
P1081,Beauty,South,9349.0,5484.02,493,15.8,240,3.0,20.4,Summer,0,5732,1.95,7463.73
P1082,Beauty,East,8053.21,7302.07,334,87.6,58,3.6,20.8,Regular,0,604,1.76,8508.58
P1083,Fashion,North,6807.74,8822.48,443,96.5,183,2.9,23.6,Festival,1,3443,1.55,7840.08
P1084,Books,South,256.04,3513.25,136,32.2,26,4.9,2.4,Winter,1,9185,1.89,332.85
P1085,Sports,West,4765.09,9354.61,359,50.5,77,4.4,38.9,Regular,1,4618,0.89,5565.4
P1086,Home & Kitchen,North,5797.39,1837.74,386,12.0,217,4.3,18.6,Regular,1,9235,1.83,4348.04
P1087,Electronics,North,3179.5,1965.61,142,67.7,262,4.2,37.1,Summer,0,3509,0.85,3030.32
P1088,Fashion,South,3317.42,2933.09,435,47.3,23,3.6,0.4,Monsoon,0,1171,1.55,3003.51
P1089,Beauty,South,9619.36,1413.56,335,34.3,244,4.8,9.9,Winter,1,5580,1.55,7262.17
P1090,Home & Kitchen,North,8938.77,2556.89,274,28.6,158,2.7,4.2,Monsoon,1,5159,0.33,6776.73
P1091,Home & Kitchen,North,8521.95,1278.17,42,68.9,206,4.5,30.8,Festival,0,105,0.91,8460.45
P1092,Electronics,East,4178.92,8660.48,400,47.5,87,3.0,12.8,Festival,0,9998,0.33,5432.6
P1093,Books,West,334.25,1614.16,49,26.2,267,3.3,33.6,Monsoon,0,8899,2.0,434.52
P1094,Beauty,East,986.18,7892.11,405,72.0,134,3.8,33.3,Summer,0,8501,0.51,1282.03
P1095,Sports,South,3259.52,674.47,468,60.9,267,4.5,26.7,Summer,0,4786,1.22,2661.64
P1096,Home & Kitchen,East,354.28,9968.73,167,87.3,268,4.6,26.6,Summer,0,2659,1.64,460.56
P1097,Electronics,East,368.07,7519.17,454,20.6,53,4.0,28.0,Winter,0,3959,0.64,478.49
P1098,Sports,East,9182.71,250.14,335,80.7,99,3.5,27.0,Festival,1,453,1.12,8198.43
P1099,Books,East,7120.35,8063.0,257,70.6,247,4.9,15.5,Festival,1,844,1.33,8192.38
P1100,Beauty,West,3227.77,5485.33,173,20.4,36,3.1,27.3,Festival,1,1611,0.57,3810.39
P1101,Books,West,1499.92,8223.05,455,72.5,28,4.5,35.9,Winter,1,9425,1.62,1949.9
P1102,Home & Kitchen,North,5214.03,5572.17,289,49.7,220,4.0,13.3,Festival,0,7473,0.81,5810.17
P1103,Sports,South,252.39,6795.38,278,95.0,102,3.4,37.8,Monsoon,1,6845,0.66,328.11
P1104,Sports,East,9396.45,8294.94,24,22.7,263,2.5,0.5,Regular,0,5542,1.25,9333.56
P1105,Sports,North,4265.19,4360.72,243,67.9,271,3.6,14.0,Winter,1,9994,1.0,4465.86
P1106,Home & Kitchen,North,4142.88,207.95,274,44.4,224,3.2,5.3,Regular,0,5049,1.86,3107.16
P1107,Home & Kitchen,North,4027.82,8951.45,422,96.1,139,2.8,5.1,Monsoon,1,6248,1.8,5236.17
P1108,Books,West,879.42,4110.79,437,39.7,280,2.7,32.6,Summer,0,5247,1.12,1143.25
P1109,Fashion,East,6455.56,5299.16,314,96.6,286,3.4,36.7,Summer,0,3612,0.91,7140.82
P1110,Books,East,7383.44,260.15,35,91.1,250,4.0,31.1,Summer,0,1744,0.85,7074.81
P1111,Beauty,South,6826.03,5258.39,318,34.3,78,4.6,39.1,Winter,0,905,0.75,6418.62
P1112,Electronics,East,1556.67,10360.55,108,82.3,297,3.0,8.7,Summer,0,9537,1.23,2023.67
P1113,Sports,East,5872.63,3051.72,174,99.6,13,3.6,5.6,Winter,0,4805,1.67,6008.43
P1114,Fashion,North,5780.95,4260.72,190,32.7,82,3.5,20.8,Winter,1,3671,0.83,5194.08
P1115,Electronics,South,8710.43,7271.8,132,49.3,9,3.8,33.2,Regular,0,4256,0.62,8264.3
P1116,Fashion,East,3915.45,8588.67,214,56.8,213,4.5,1.6,Summer,0,1088,1.11,5090.08
P1117,Books,West,3840.56,4487.48,418,36.5,48,3.9,39.8,Festival,0,4646,0.42,4033.29
P1118,Home & Kitchen,East,6261.57,3375.78,285,11.4,49,4.6,24.1,Summer,0,4563,1.49,5313.72
P1119,Sports,North,6404.11,9858.36,451,29.8,40,3.8,39.2,Summer,1,4420,1.18,6433.55
P1120,Books,West,4799.0,7168.14,257,35.4,280,4.0,14.6,Summer,0,7711,1.14,5488.32
P1121,Electronics,North,4541.98,1408.3,23,49.9,226,3.6,18.3,Festival,1,5366,0.81,4425.04
P1122,Electronics,East,5042.65,891.34,204,25.4,108,4.6,30.1,Festival,0,3497,1.84,4213.03
P1123,Electronics,West,8638.24,5170.23,224,88.6,245,4.8,31.7,Winter,1,5900,0.45,8639.52
P1124,Electronics,South,4719.44,2451.33,140,73.4,255,4.1,9.3,Festival,1,7280,1.78,4689.04
P1125,Electronics,South,9411.33,2801.12,227,17.7,33,4.6,37.2,Winter,1,3482,0.94,7097.13
P1126,Fashion,West,5139.24,9237.78,7,68.5,23,2.6,34.7,Regular,0,7166,1.8,6647.85
P1127,Books,West,9502.17,1104.32,455,68.8,54,4.8,0.7,Winter,0,5279,1.54,7669.07
P1128,Sports,North,8361.75,7562.56,240,96.1,49,3.0,5.1,Summer,0,2291,0.48,9279.05
P1129,Home & Kitchen,West,3751.83,2978.19,346,10.3,78,3.1,19.8,Monsoon,1,7868,1.71,3162.24
P1130,Home & Kitchen,North,8663.69,8026.59,469,32.3,122,2.6,18.4,Monsoon,0,7048,1.46,7936.25
P1131,Books,East,1278.62,7635.29,232,93.5,90,4.9,28.3,Summer,1,4944,0.35,1662.21
P1132,Books,North,9265.46,256.28,405,93.9,193,4.6,3.6,Winter,0,6494,0.53,7825.93
P1133,Home & Kitchen,West,6390.11,5434.28,146,74.9,244,4.8,25.8,Summer,0,3065,1.38,6569.32
P1134,Home & Kitchen,West,733.03,1617.78,13,78.9,149,4.6,24.7,Festival,0,6865,1.43,952.94
P1135,Fashion,East,6513.72,9119.46,194,18.2,146,3.7,9.3,Winter,0,4914,1.57,6961.24
P1136,Beauty,West,9747.63,9174.77,354,56.2,141,4.8,21.7,Summer,1,9726,1.52,9082.01
P1137,Sports,West,884.05,4497.33,409,30.8,286,4.9,8.9,Festival,0,4284,1.42,1149.26
P1138,Electronics,South,5635.94,4766.16,464,26.3,111,3.8,5.9,Festival,0,5006,1.6,5401.59
P1139,Beauty,South,7528.38,3309.88,169,82.9,108,2.9,22.9,Winter,0,2389,1.28,7184.52
P1140,Books,East,8140.53,7575.38,484,22.2,281,4.1,39.1,Regular,0,8576,0.74,7059.56
P1141,Home & Kitchen,North,4255.51,3881.39,143,52.2,50,4.9,9.5,Regular,0,6892,1.85,4153.38
P1142,Beauty,South,2200.83,2943.62,280,94.5,14,4.7,14.2,Festival,0,1908,0.33,2775.95
P1143,Sports,North,614.95,4640.62,295,26.7,134,4.7,10.3,Regular,1,1257,0.92,799.44
P1144,Books,West,5881.32,1124.15,57,98.0,76,4.8,10.7,Festival,0,974,1.54,6298.43
P1145,Electronics,South,4638.53,7884.95,179,99.5,84,4.7,16.2,Regular,0,2995,1.03,5856.08
P1146,Electronics,East,9497.7,309.99,114,60.0,158,4.4,28.1,Festival,0,5431,0.34,8229.89
P1147,Sports,East,793.93,6831.09,207,25.3,286,4.3,1.6,Festival,1,5479,0.41,1032.11
P1148,Sports,East,6916.87,2067.16,440,38.4,94,3.2,38.3,Festival,1,4489,1.4,5657.07
P1149,Home & Kitchen,South,444.67,2578.41,140,48.2,297,4.1,1.9,Festival,1,7641,1.94,578.07
P1150,Electronics,North,1880.05,6739.72,8,37.8,94,3.8,35.3,Monsoon,1,5942,1.24,2444.06
P1151,Books,West,4645.07,10427.18,159,35.3,57,4.7,35.8,Regular,1,5995,1.16,5738.89
P1152,Beauty,North,4657.75,8206.04,176,97.5,164,3.7,21.0,Festival,0,7741,0.84,6055.08
P1153,Books,North,6919.87,2510.67,428,23.8,98,2.8,5.5,Summer,0,4077,0.74,5354.01
P1154,Fashion,West,9120.09,1996.58,362,76.0,16,2.5,22.6,Winter,0,4345,0.34,7412.12
P1155,Fashion,West,6462.52,9119.52,51,10.0,78,4.2,25.1,Summer,0,7529,0.76,7460.69
P1156,Sports,South,9544.64,4763.98,98,63.7,72,3.9,34.3,Summer,1,4711,1.06,8452.06
P1157,Home & Kitchen,South,8839.83,1594.38,432,92.4,270,3.3,22.0,Monsoon,1,2448,0.64,7174.28
P1158,Fashion,South,5928.1,9078.02,52,35.9,287,2.9,16.4,Regular,0,77,0.45,6931.91
P1159,Electronics,South,8371.16,8602.07,244,26.7,66,3.7,33.5,Monsoon,0,1948,1.52,8047.77
P1160,Books,South,6497.26,10333.91,351,68.7,68,2.8,39.2,Regular,1,7350,1.82,6914.15
P1161,Books,West,969.87,9568.55,217,74.1,193,3.3,25.8,Festival,0,2477,1.89,1260.83
P1162,Sports,North,7457.53,8970.48,440,71.9,55,3.4,35.0,Monsoon,0,1675,1.35,7853.83
P1163,Beauty,South,1130.1,722.57,344,38.7,168,3.7,23.9,Winter,1,2086,0.39,1024.72
P1164,Sports,South,6022.01,1257.57,328,32.7,25,3.7,27.6,Regular,0,9552,1.56,4578.02
P1165,Beauty,North,7085.87,6051.91,143,96.0,131,3.1,27.5,Monsoon,1,3405,0.49,7238.63
P1166,Sports,South,851.97,5664.87,209,93.1,102,4.6,28.2,Winter,1,7096,1.44,1107.56
P1167,Sports,North,2461.79,4906.18,385,51.2,282,3.4,12.8,Summer,0,3770,1.62,2960.51
P1168,Sports,North,9173.59,4274.87,77,86.2,296,3.1,23.0,Festival,0,4952,1.53,10241.33
P1169,Beauty,West,6239.88,4630.09,8,50.7,294,2.9,23.8,Festival,1,5286,1.92,6665.08
P1170,Beauty,East,2613.6,6055.15,80,48.2,263,3.3,12.6,Summer,0,8330,1.55,3397.68
P1171,Sports,West,6968.66,201.43,333,24.1,120,2.7,14.0,Monsoon,0,8363,1.48,5226.5
P1172,Fashion,East,6048.41,2870.51,81,48.4,231,2.6,30.5,Summer,1,5011,0.74,5100.25
P1173,Home & Kitchen,East,5115.44,5528.65,308,58.4,291,4.0,23.3,Winter,0,82,1.87,5443.32
P1174,Home & Kitchen,East,9766.63,7633.27,260,12.0,161,4.0,6.0,Regular,0,4748,0.61,8581.09
P1175,Home & Kitchen,South,6897.85,1977.3,414,50.0,161,3.8,33.5,Monsoon,0,8937,1.84,5267.85
P1176,Beauty,West,3879.32,5823.81,106,80.3,78,4.4,35.3,Regular,0,3891,0.83,4657.76
P1177,Beauty,East,8040.72,7553.22,110,71.2,38,2.6,18.6,Summer,0,8766,0.52,8681.99
P1178,Fashion,North,8868.92,4768.56,337,67.2,28,4.8,8.4,Festival,0,5494,1.71,8994.75
P1179,Home & Kitchen,South,1427.16,459.48,43,91.9,100,2.7,37.9,Regular,0,6227,0.3,1387.36
P1180,Home & Kitchen,West,2165.42,4816.45,480,11.6,294,4.2,35.3,Regular,0,8488,1.71,2563.31
P1181,Sports,East,2319.02,3239.31,318,60.1,124,2.8,9.8,Festival,1,3976,0.75,2704.64
P1182,Beauty,North,6973.88,9773.98,279,80.9,92,4.7,3.8,Regular,1,3009,1.8,7801.19
P1183,Home & Kitchen,West,6109.79,1466.01,92,58.7,255,3.8,17.6,Regular,0,2277,1.48,4899.26
P1184,Books,West,6266.12,6913.55,215,39.2,97,2.7,27.1,Festival,0,1443,1.43,7009.77
P1185,Fashion,South,9419.58,724.07,373,22.3,6,4.0,7.0,Festival,0,2073,0.92,7181.47
P1186,Books,West,7803.93,4784.48,81,89.9,169,2.5,20.5,Summer,0,6114,0.4,8095.37
P1187,Books,South,1453.78,5897.07,81,52.4,271,4.4,17.0,Summer,1,7612,1.71,1889.91
P1188,Fashion,East,3605.57,3254.89,446,89.0,108,4.1,35.6,Regular,0,6689,0.59,3538.24
P1189,Books,South,4466.86,4876.38,32,62.7,299,3.0,17.2,Monsoon,0,2528,0.93,5049.55
P1190,Home & Kitchen,North,4080.42,1867.88,249,70.7,47,3.4,21.4,Summer,0,7424,1.32,3737.05
P1191,Beauty,South,6759.22,3318.56,70,82.4,99,2.5,38.2,Summer,1,7979,1.12,7022.64
P1192,Fashion,North,8940.55,6589.82,270,69.3,14,4.2,12.0,Monsoon,1,4509,0.64,8972.0
P1193,Sports,South,3199.3,3294.58,386,45.8,194,3.3,11.6,Monsoon,0,6503,0.54,3001.55
P1194,Books,West,5608.4,9465.35,474,56.2,157,3.9,32.0,Festival,0,9223,0.51,6916.38
P1195,Fashion,East,7936.21,6665.16,209,82.3,154,4.9,11.1,Summer,0,8468,1.77,8350.7
P1196,Electronics,North,4278.94,4706.86,62,43.6,115,3.2,33.3,Winter,0,1316,0.35,4872.98
P1197,Electronics,South,1847.56,579.97,205,44.9,258,5.0,3.8,Winter,0,2107,1.96,1615.09
P1198,Beauty,South,4854.52,5335.34,229,18.6,145,4.1,4.5,Regular,1,8046,0.64,4440.99
P1199,Home & Kitchen,South,741.18,8072.49,146,92.3,291,3.1,36.1,Summer,0,2991,0.49,963.53
P1200,Beauty,West,9435.36,2920.55,385,18.2,10,3.6,21.6,Winter,1,206,1.28,7076.52
P1201,Beauty,West,933.25,8505.9,372,68.3,214,4.4,28.8,Summer,1,7048,0.44,1213.23
P1202,Beauty,North,4496.88,2778.65,88,47.2,233,3.6,9.0,Summer,0,810,1.32,4199.13
P1203,Beauty,North,5392.84,8681.06,147,46.5,171,2.7,6.7,Winter,1,9015,1.75,6272.3
P1204,Sports,West,9855.98,1059.97,356,71.2,21,2.9,33.4,Summer,1,6457,0.38,7573.38
P1205,Sports,North,1827.01,9119.02,37,16.0,15,4.5,14.3,Monsoon,0,9794,1.66,2375.11
P1206,Fashion,East,1321.43,5331.6,405,63.4,126,4.1,18.2,Regular,0,6781,0.97,1717.86
P1207,Electronics,East,285.32,3240.27,156,79.5,213,3.9,1.1,Festival,0,1007,0.57,370.92
P1208,Beauty,West,1724.6,2915.97,162,84.5,188,2.9,15.4,Winter,1,303,0.6,2167.82
P1209,Fashion,North,2231.28,4638.35,450,25.3,172,4.6,30.8,Festival,0,7935,1.86,2809.82
P1210,Electronics,South,6379.69,10490.19,145,90.8,247,4.9,32.9,Regular,0,1619,0.49,7856.5
P1211,Books,East,2353.13,2453.78,450,69.1,5,2.6,28.0,Monsoon,0,7543,1.77,2348.7
P1212,Home & Kitchen,West,401.1,1245.2,255,89.4,231,2.7,27.7,Monsoon,0,7555,1.23,521.43
P1213,Sports,North,8300.86,6217.56,307,53.7,201,4.7,20.2,Monsoon,0,6933,0.37,7713.04
P1214,Books,West,3782.84,5221.76,116,58.8,149,4.5,21.5,Monsoon,0,5056,1.09,4290.95
P1215,Electronics,South,3666.23,5589.71,148,92.7,72,4.0,29.7,Winter,0,9049,1.69,4658.78
P1216,Books,East,3164.29,7062.77,454,91.0,226,4.9,9.9,Winter,0,5818,1.53,4113.58
P1217,Home & Kitchen,West,9758.66,2936.93,213,50.3,74,4.1,9.3,Summer,0,4966,1.13,8481.35
P1218,Electronics,West,1867.13,9578.06,228,34.7,169,3.0,38.0,Summer,1,9463,1.76,2427.27
P1219,Books,West,9002.73,4676.14,47,45.4,249,4.3,1.1,Regular,1,7591,0.5,8218.97
P1220,Sports,South,7812.67,1512.17,268,44.9,280,4.1,5.6,Summer,1,6757,1.85,6269.06
P1221,Sports,West,949.5,7840.52,248,35.8,152,5.0,22.8,Regular,1,3250,1.74,1234.35
P1222,Fashion,South,9869.95,6816.84,7,34.2,224,3.0,29.5,Regular,0,6607,1.5,9422.5
P1223,Books,South,2859.39,3438.47,129,87.5,225,4.0,21.5,Regular,0,7597,1.69,3237.84
P1224,Beauty,South,1166.11,6594.07,272,16.3,38,4.5,14.2,Monsoon,0,9121,1.22,1515.94
P1225,Books,East,8327.28,2448.98,88,71.0,44,3.3,39.1,Festival,1,5138,1.45,7906.53
P1226,Electronics,East,7125.42,4770.74,20,25.6,185,3.4,28.2,Festival,1,50,1.25,7075.03
P1227,Electronics,West,6248.74,9461.94,338,41.0,241,4.7,33.3,Winter,0,216,0.9,7180.35
P1228,Books,West,1728.61,1558.07,468,15.5,210,3.5,1.6,Regular,0,2113,1.27,1433.67
P1229,Home & Kitchen,East,4889.26,4170.71,63,34.3,23,4.1,9.4,Monsoon,0,8353,0.74,5058.86
P1230,Sports,North,7849.45,8654.19,181,79.2,124,4.7,15.0,Summer,0,1175,1.05,8901.56
P1231,Electronics,East,3175.51,10185.15,67,89.7,86,3.0,7.3,Summer,0,2691,0.78,4128.16
P1232,Sports,South,3254.56,4864.52,450,29.9,43,5.0,2.9,Winter,1,1479,0.51,3336.26
P1233,Electronics,East,230.78,5412.24,495,51.7,40,4.3,9.0,Winter,0,6151,0.85,300.01
P1234,Fashion,South,1907.59,6084.81,53,52.3,169,3.7,21.3,Regular,1,1684,1.75,2479.87
P1235,Beauty,West,8778.98,9801.83,311,88.6,175,3.6,27.8,Regular,0,8912,0.95,9601.67
P1236,Electronics,North,4529.12,9036.69,250,78.7,20,4.9,31.0,Summer,0,3161,1.57,5887.86
P1237,Sports,West,9845.5,1940.6,293,56.2,109,3.0,1.7,Summer,1,1740,0.6,7880.47
P1238,Fashion,South,4077.94,4687.34,290,70.4,193,3.3,17.1,Summer,0,7765,1.02,4434.49
P1239,Electronics,South,7208.83,4968.48,447,86.3,244,3.3,4.9,Summer,0,6690,0.5,6997.0
P1240,Home & Kitchen,South,2962.81,8323.47,336,10.9,280,3.2,17.2,Festival,1,4007,0.54,3851.65
P1241,Beauty,North,3765.33,6401.85,19,46.3,228,3.7,17.4,Regular,1,9206,1.35,4680.85
P1242,Electronics,East,2069.11,6931.56,342,91.7,36,5.0,19.9,Regular,0,330,1.33,2689.84
P1243,Fashion,West,3601.21,10481.42,259,76.6,45,4.7,35.7,Summer,0,4496,0.66,4681.57
P1244,Home & Kitchen,West,5562.93,953.59,96,58.9,28,3.3,32.2,Monsoon,0,2858,1.11,4633.28
P1245,Books,East,9919.37,2481.46,283,57.7,154,3.6,25.5,Summer,1,5452,1.77,8350.69
P1246,Fashion,West,6709.18,4389.49,210,41.3,23,4.2,35.4,Winter,1,2014,0.6,6194.54
P1247,Fashion,North,2152.61,3769.11,98,56.8,207,2.5,27.1,Monsoon,0,872,0.33,2655.04
P1248,Home & Kitchen,West,640.62,403.38,229,69.0,91,4.6,32.8,Winter,0,9679,1.41,645.55
P1249,Fashion,South,1438.29,1127.14,305,47.7,38,4.7,22.6,Monsoon,1,2111,0.39,1304.05
P1250,Home & Kitchen,East,5713.04,7207.44,322,74.3,228,4.6,21.0,Winter,0,5225,1.97,6725.48
P1251,Electronics,North,7698.57,9254.63,467,87.5,202,3.4,29.0,Summer,0,3915,1.34,8396.14
P1252,Home & Kitchen,East,9416.11,5486.82,203,23.9,254,3.7,0.8,Summer,0,4344,1.1,8337.52
P1253,Home & Kitchen,North,355.07,5744.45,275,50.6,38,2.5,27.6,Monsoon,0,9706,1.03,461.59
P1254,Beauty,South,5323.05,2812.56,238,46.7,221,3.5,37.4,Winter,1,127,1.27,4635.86
P1255,Home & Kitchen,East,4814.5,8104.48,50,71.9,187,3.7,28.6,Festival,0,2209,0.45,6258.85
P1256,Home & Kitchen,West,6629.34,7938.52,68,32.5,43,4.8,1.5,Monsoon,0,3237,1.88,7275.89
P1257,Books,North,5683.87,6251.93,234,67.6,114,4.7,15.1,Monsoon,1,9407,1.36,6070.76
P1258,Electronics,East,6932.98,2374.7,434,89.0,260,4.9,32.4,Regular,0,7185,0.61,5838.83
P1259,Beauty,West,6649.21,1181.23,444,47.6,5,4.7,38.3,Monsoon,0,839,1.26,4986.91
P1260,Books,East,1346.71,842.94,253,92.0,68,2.5,14.8,Festival,1,1613,0.53,1414.77
P1261,Sports,East,8037.24,6296.62,250,99.4,228,4.1,33.6,Summer,1,1372,0.33,8576.42
P1262,Electronics,East,1407.68,8694.36,432,19.5,123,2.7,34.6,Winter,0,6723,1.37,1829.98
P1263,Electronics,North,7045.6,9037.97,79,31.0,173,3.2,4.9,Regular,0,1552,1.4,7936.1
P1264,Sports,West,4278.22,4964.58,161,95.5,153,3.9,33.8,Winter,0,7166,1.29,5127.85
P1265,Home & Kitchen,South,5235.74,8273.68,227,96.2,267,4.3,13.0,Summer,0,9733,0.61,6622.78
P1266,Books,North,9052.32,9951.8,194,18.8,157,4.1,23.7,Monsoon,0,1709,1.33,8749.47
P1267,Fashion,North,8920.86,3019.76,477,11.3,162,2.6,21.6,Festival,0,9557,0.4,7122.64
P1268,Beauty,North,8214.99,4286.95,56,24.5,214,2.8,26.5,Regular,0,3112,1.34,7332.91
P1269,Fashion,South,5199.45,9792.86,442,99.6,26,2.8,29.6,Festival,1,8366,1.24,6759.28
P1270,Sports,West,7415.15,3670.54,92,26.2,292,2.7,17.6,Festival,0,3112,1.41,6942.05
P1271,Electronics,West,5226.39,9611.2,317,55.2,189,2.9,35.5,Festival,0,8760,1.82,6794.31
P1272,Electronics,West,8722.14,10304.38,343,86.4,122,4.2,32.4,Festival,0,2120,1.75,10519.28
P1273,Beauty,East,4147.2,7009.89,70,11.8,230,4.6,31.4,Summer,0,4307,1.97,5013.36
P1274,Electronics,East,9708.31,8610.31,154,64.4,59,3.5,18.3,Festival,1,2603,1.96,10204.49
P1275,Electronics,East,9336.76,7915.31,24,34.9,96,4.2,1.5,Festival,1,1094,1.61,9889.26
P1276,Beauty,South,7467.71,7399.19,37,87.6,262,3.0,19.7,Summer,1,6007,1.93,8642.48
P1277,Books,East,2938.28,3347.53,332,35.5,136,4.9,35.9,Winter,1,4628,1.77,3029.1
P1278,Books,South,1490.21,769.21,285,71.8,283,3.4,7.6,Summer,0,5671,1.54,1440.1
P1279,Beauty,West,8576.09,3720.29,50,70.7,120,4.6,39.3,Monsoon,1,2016,0.43,8224.07
P1280,Sports,East,1819.96,7062.78,77,29.9,25,4.9,32.3,Summer,0,5019,0.38,2365.95
P1281,Electronics,East,8571.76,1238.1,358,13.1,146,4.7,28.4,Winter,0,2300,1.72,6428.82
P1282,Electronics,North,5009.5,302.99,317,46.8,12,2.7,27.1,Monsoon,1,8383,1.13,3775.17
P1283,Sports,South,4184.26,1621.63,347,36.0,87,4.1,23.5,Monsoon,1,9245,1.68,3263.88
P1284,Books,West,9051.27,7566.39,137,82.8,109,2.8,28.8,Regular,1,2064,0.83,8896.73
P1285,Home & Kitchen,North,6117.74,10219.23,59,82.0,266,2.5,16.9,Festival,1,4674,0.98,7953.06
P1286,Home & Kitchen,North,5850.82,10325.23,65,51.1,222,2.6,33.8,Monsoon,1,3658,1.49,7312.08
P1287,Home & Kitchen,West,5675.91,5277.86,349,64.6,74,4.8,27.9,Monsoon,0,6769,1.86,5794.26
P1288,Books,North,3837.46,9151.72,12,64.4,102,4.8,30.9,Winter,1,9210,0.45,4988.7
P1289,Books,South,7899.3,7784.05,276,84.4,137,3.1,31.7,Monsoon,0,3975,1.76,8572.82
P1290,Sports,South,2677.42,5350.74,250,48.3,191,3.9,3.7,Winter,1,5918,1.65,3292.62
P1291,Electronics,East,9401.17,6090.89,180,34.8,142,4.9,2.2,Festival,1,854,0.84,8720.06
P1292,Sports,North,8961.06,1596.18,497,33.9,73,3.7,32.0,Regular,0,1384,0.9,6720.8
P1293,Sports,East,3507.31,9856.67,120,58.3,167,3.5,10.4,Regular,1,717,0.38,4559.5
P1294,Books,North,7348.74,3811.92,321,50.4,168,3.7,23.3,Festival,0,434,0.33,7133.42
P1295,Home & Kitchen,South,5817.59,4784.26,275,49.6,54,4.5,17.7,Festival,1,9850,1.11,5958.25
P1296,Fashion,South,3508.96,7111.53,197,18.2,259,3.7,0.9,Summer,0,3304,0.46,4298.45
P1297,Electronics,South,9887.51,3625.87,154,74.7,111,4.5,1.6,Monsoon,0,3490,0.63,8956.3
P1298,Books,North,447.33,2803.95,135,29.2,232,3.6,33.1,Monsoon,0,2798,1.74,581.53
P1299,Home & Kitchen,South,2675.93,6692.43,106,27.7,161,3.1,24.3,Monsoon,0,62,1.27,3478.71
P1300,Fashion,North,5296.73,437.84,314,47.1,19,3.3,21.0,Winter,0,7776,1.38,4342.41
P1301,Fashion,East,5315.14,7617.88,274,30.5,290,2.7,37.8,Summer,0,5453,0.62,5832.88
P1302,Books,North,5971.54,5484.72,296,62.5,50,3.7,6.9,Monsoon,0,7504,1.71,6190.83
P1303,Beauty,East,7566.43,6431.38,214,43.4,175,2.9,10.3,Winter,0,6201,1.78,7493.58
P1304,Electronics,North,6310.08,6701.0,499,50.4,184,4.5,30.3,Winter,0,6280,1.19,6101.58
P1305,Fashion,East,6082.76,5619.16,365,58.3,185,3.6,31.0,Regular,0,150,1.85,5927.17
P1306,Books,South,724.44,6191.75,342,28.3,81,4.4,16.2,Winter,1,5028,1.74,941.77
P1307,Books,East,3890.0,7236.69,71,24.0,156,4.9,38.0,Festival,0,9554,1.54,5057.0
P1308,Home & Kitchen,South,2474.15,7952.19,14,89.2,275,4.6,37.5,Winter,0,6584,1.55,3216.4
P1309,Beauty,South,2800.63,7687.31,53,49.0,283,4.9,0.5,Festival,0,4754,0.48,3640.82
P1310,Electronics,East,5632.51,9154.44,491,47.1,249,3.9,6.9,Festival,0,499,0.76,6638.6
P1311,Sports,North,2155.15,2135.06,115,13.2,147,2.9,32.8,Regular,1,3217,0.41,1914.4
P1312,Home & Kitchen,North,3080.7,4319.85,325,54.8,7,4.8,13.4,Regular,0,5430,0.31,3349.4
P1313,Fashion,West,2523.43,9961.26,223,59.9,157,4.7,3.8,Winter,0,8362,0.57,3280.46
P1314,Fashion,North,9495.33,4272.81,61,60.3,171,4.7,31.4,Regular,0,3906,1.8,9104.83
P1315,Home & Kitchen,West,9457.72,1468.66,287,73.6,69,4.2,18.2,Regular,1,1125,0.71,7404.14
P1316,Books,North,6177.43,5602.59,463,26.0,94,4.1,19.7,Monsoon,1,4463,1.95,5236.75
P1317,Fashion,North,9260.32,1309.95,117,32.7,186,2.5,7.5,Winter,0,751,1.32,7335.9
P1318,Beauty,South,7900.96,2273.45,137,83.0,170,4.4,26.4,Winter,0,3398,0.7,7302.25
P1319,Electronics,West,5981.49,10482.65,75,95.2,204,2.7,22.0,Winter,0,8235,1.15,7775.94
P1320,Beauty,North,263.07,5766.86,87,22.2,42,3.1,8.3,Regular,1,6886,0.67,341.99
P1321,Fashion,West,7770.66,3111.48,61,54.8,13,3.9,13.6,Regular,0,8262,1.97,7154.36
P1322,Sports,South,7084.39,10446.08,380,29.3,154,3.6,23.9,Festival,0,5884,1.74,8009.39
P1323,Electronics,South,6229.49,10154.89,353,15.4,274,2.5,37.0,Summer,0,2299,0.34,6540.98
P1324,Electronics,West,7652.16,4728.43,275,39.3,298,4.6,36.8,Summer,0,3272,1.91,7093.51
P1325,Home & Kitchen,South,5226.64,2867.36,487,22.9,51,4.7,11.5,Summer,0,5041,1.53,4197.84
P1326,Home & Kitchen,East,7100.02,8832.28,115,73.9,212,4.2,29.4,Monsoon,0,9424,0.44,7950.43
P1327,Sports,East,9364.69,7565.21,361,58.0,144,3.9,31.0,Regular,0,8168,1.44,8682.06
P1328,Books,South,3882.89,7269.24,379,22.9,3,4.9,32.4,Festival,0,2601,1.4,4626.86
P1329,Electronics,East,7139.59,9396.93,80,10.8,254,2.8,22.8,Festival,0,8307,0.67,7740.79
P1330,Sports,North,4861.74,7294.78,162,82.7,256,4.3,0.4,Summer,0,8152,1.59,5974.34
P1331,Home & Kitchen,West,6809.12,3108.79,24,25.9,98,2.8,30.5,Monsoon,1,8713,0.45,5830.17
P1332,Home & Kitchen,North,7676.35,7340.67,425,64.6,173,3.5,4.3,Monsoon,1,2264,1.13,7110.5
P1333,Electronics,West,645.43,3336.0,135,40.3,150,4.0,4.7,Summer,1,8584,0.32,839.06
P1334,Beauty,South,6536.68,8015.35,333,62.7,279,4.3,24.2,Summer,1,767,1.95,7185.32
P1335,Fashion,North,2422.06,6575.8,126,38.4,59,2.5,39.3,Regular,0,2510,1.58,3148.68
P1336,Home & Kitchen,South,6766.32,978.89,45,17.8,113,3.2,9.7,Monsoon,0,3305,0.57,5426.27
P1337,Books,South,4789.64,5472.46,171,30.1,243,3.8,25.8,Festival,0,5840,0.88,5156.0
P1338,Books,West,7780.82,3722.87,414,26.9,57,3.8,12.1,Summer,0,5384,0.57,6128.45
P1339,Home & Kitchen,West,1409.33,3570.85,134,48.5,60,4.1,35.9,Regular,0,6880,1.6,1832.13
P1340,Beauty,West,6337.96,6395.29,27,69.2,216,3.3,23.7,Festival,0,7804,0.4,7815.03
P1341,Beauty,North,2929.01,3506.39,283,33.7,233,3.9,8.3,Monsoon,0,6990,1.73,2949.08
P1342,Sports,East,8559.22,8197.54,255,11.1,55,3.0,10.5,Summer,1,3682,1.9,7725.74
P1343,Books,West,9298.16,910.57,473,56.7,208,3.0,17.3,Summer,0,9297,1.45,7245.35
P1344,Sports,West,9964.7,6995.21,404,64.5,63,3.9,4.9,Regular,1,64,0.66,8770.09
P1345,Books,North,8000.87,8530.89,13,96.7,184,4.2,3.1,Regular,0,8258,0.91,9439.38
P1346,Fashion,West,7586.59,7123.62,17,63.1,281,2.8,27.2,Monsoon,0,1999,1.11,8346.78
P1347,Fashion,North,2311.91,5311.41,416,52.4,26,2.8,16.3,Summer,0,8322,1.33,3005.48
P1348,Electronics,South,3492.87,9987.17,415,61.6,177,3.9,29.0,Regular,0,6849,1.44,4540.73
P1349,Sports,West,4763.69,3275.37,311,93.5,63,3.2,4.4,Summer,0,6629,1.24,4811.68
P1350,Home & Kitchen,West,7779.13,377.81,324,84.6,73,3.5,24.4,Monsoon,0,3129,0.9,6482.35
P1351,Sports,South,9166.67,4638.13,56,39.1,167,3.5,17.7,Summer,0,8177,1.81,8831.57
P1352,Home & Kitchen,South,2053.56,520.68,213,31.4,225,2.9,2.3,Festival,0,9260,0.44,1774.59
P1353,Beauty,South,9239.2,10024.63,42,33.6,65,2.5,21.8,Summer,0,9021,1.09,10284.21
P1354,Sports,West,7017.12,2346.35,104,55.4,69,4.6,3.3,Winter,0,1874,1.62,6228.07
P1355,Beauty,East,6185.55,8321.73,197,77.0,9,4.3,33.1,Winter,1,6379,0.4,7059.39
P1356,Fashion,East,2158.44,8173.58,406,55.3,236,4.2,25.3,Monsoon,0,3914,1.5,2805.97
P1357,Fashion,East,744.15,2426.96,195,16.1,198,3.9,22.3,Monsoon,1,2563,1.69,967.4
P1358,Electronics,West,5770.96,6591.06,55,75.1,173,4.3,5.3,Monsoon,0,6760,1.42,6856.9
P1359,Sports,South,6584.85,676.17,397,82.5,282,4.8,11.5,Festival,0,8566,0.32,5752.42
P1360,Beauty,West,2265.66,5170.49,145,36.1,28,4.2,19.7,Festival,0,3540,0.61,2945.36
P1361,Home & Kitchen,South,5653.27,331.16,172,69.8,296,3.2,25.3,Summer,0,8918,0.88,4797.78
P1362,Fashion,West,8593.64,9686.2,315,48.4,134,3.9,7.3,Regular,1,6175,0.7,8545.84
P1363,Fashion,West,8383.65,10253.21,113,90.0,27,3.6,0.4,Winter,1,8129,1.94,9434.55
P1364,Home & Kitchen,South,9288.08,2473.96,211,86.1,38,3.9,13.8,Winter,1,4938,1.41,8586.66
P1365,Beauty,East,3785.68,2327.65,431,57.3,196,3.8,19.3,Winter,1,2754,0.8,3321.83
P1366,Beauty,South,3316.89,7958.39,304,72.2,203,4.6,7.4,Summer,0,9436,1.88,4311.96
P1367,Sports,North,7544.37,2794.88,114,89.5,85,4.1,19.7,Summer,1,6310,1.56,6929.03
P1368,Sports,North,4424.9,9417.19,200,54.6,30,3.0,13.5,Monsoon,0,9146,0.78,5739.32
P1369,Books,South,1057.98,6102.95,421,38.2,99,2.7,18.2,Regular,1,4647,0.94,1375.37
P1370,Books,West,2971.45,3800.03,156,77.8,190,3.6,13.9,Monsoon,0,2954,0.64,3361.33
P1371,Electronics,North,4302.11,8773.4,424,29.8,12,2.5,25.1,Summer,0,1173,1.95,5079.01
P1372,Fashion,North,3066.66,5271.96,247,45.0,91,3.3,1.7,Festival,0,6985,1.18,3889.23
P1373,Sports,West,3455.61,9588.05,132,87.9,30,3.4,6.8,Monsoon,0,4366,1.82,4492.29
P1374,Beauty,West,3079.0,9757.11,109,75.2,213,3.4,17.3,Summer,0,2320,0.89,4002.7
P1375,Home & Kitchen,East,606.69,1887.14,14,46.3,38,4.9,14.3,Summer,1,2774,1.76,788.7
P1376,Beauty,West,6443.53,203.98,360,29.3,60,3.3,15.7,Festival,0,8171,0.39,4832.65
P1377,Fashion,South,6053.47,10334.17,152,42.0,294,3.2,32.2,Festival,0,7721,1.97,7624.25
P1378,Books,South,6603.16,9531.34,493,35.6,143,2.8,35.5,Festival,0,2308,1.85,7462.94
P1379,Beauty,East,2084.64,752.19,369,25.8,180,3.8,9.9,Regular,1,3912,0.92,1563.48
P1380,Electronics,North,3097.41,8776.91,368,76.9,285,2.9,33.5,Summer,0,9172,1.62,4026.63
P1381,Fashion,North,6272.24,4904.55,463,32.7,112,4.0,18.4,Festival,1,3696,1.58,5660.64
P1382,Books,West,6076.35,2852.48,144,50.9,230,2.9,11.0,Regular,1,7075,1.83,5057.2
P1383,Home & Kitchen,South,5162.04,9248.66,194,44.7,21,3.9,39.4,Winter,1,1321,0.82,5961.49
P1384,Books,North,3634.05,2209.61,406,98.4,145,4.6,33.0,Winter,0,9039,1.09,3587.87
P1385,Electronics,East,9146.72,9956.14,98,45.2,146,2.6,39.8,Winter,0,3513,1.77,9525.57
P1386,Fashion,East,3529.75,2302.01,496,17.2,166,3.5,6.7,Summer,1,8658,1.62,2753.02
P1387,Home & Kitchen,South,4665.07,6513.21,500,18.1,140,3.7,5.8,Regular,1,4991,0.97,4415.96
P1388,Electronics,East,6845.52,2482.25,233,63.2,203,4.5,20.1,Regular,1,947,1.74,5527.69
P1389,Books,East,5521.61,5811.3,67,63.9,244,3.7,25.5,Winter,0,8294,0.38,6415.27
P1390,Electronics,South,3599.48,7238.62,344,47.7,113,3.9,6.8,Monsoon,0,655,1.63,4563.7
P1391,Fashion,West,4469.32,2143.15,29,48.9,201,4.5,34.4,Winter,0,3727,0.65,4425.94
P1392,Sports,West,7985.91,5555.54,272,14.9,259,3.9,21.3,Summer,1,4597,0.79,6770.53
P1393,Electronics,East,2925.67,5020.7,409,56.5,255,3.4,16.4,Winter,1,8702,1.14,3342.98
P1394,Electronics,West,1594.1,913.11,285,55.4,23,2.7,24.1,Winter,0,824,1.06,1503.03
P1395,Books,West,3269.0,8624.94,15,23.5,246,4.3,25.4,Regular,0,5306,1.18,4249.7
P1396,Books,East,8525.44,3644.24,324,19.3,87,4.7,1.7,Winter,0,5541,1.23,7283.19
P1397,Home & Kitchen,West,1072.1,6109.69,205,21.1,219,4.9,40.0,Festival,1,4080,0.86,1393.73
P1398,Books,East,9918.62,5492.57,130,19.1,27,4.8,14.6,Festival,0,5206,0.6,9225.45
P1399,Beauty,North,5501.83,5476.85,310,64.9,290,4.5,2.5,Monsoon,0,5823,1.61,5659.46
P1400,Fashion,South,9851.49,1286.54,194,27.7,289,4.1,34.1,Summer,0,7225,0.98,7628.0
P1401,Fashion,South,9402.16,4550.33,93,32.6,223,4.5,39.7,Summer,0,3568,1.16,8208.96
P1402,Sports,West,4637.57,4848.42,359,25.6,178,3.6,32.7,Regular,1,6825,1.4,4034.99
P1403,Sports,West,2145.21,7751.19,120,96.2,148,4.0,34.1,Summer,1,7656,1.85,2788.77
P1404,Fashion,West,1815.87,8848.99,356,86.9,227,3.4,25.0,Monsoon,1,5428,1.5,2360.63
P1405,Sports,South,2551.9,5804.22,181,30.7,186,3.3,36.9,Festival,1,6723,0.38,3317.47
P1406,Home & Kitchen,North,7159.3,1075.6,18,39.5,294,4.4,1.4,Regular,0,6494,1.73,5966.23
P1407,Books,North,2874.91,2624.29,261,28.9,41,3.6,30.7,Festival,1,8726,1.98,2899.59
P1408,Fashion,South,3545.97,1882.12,213,54.3,191,3.0,26.8,Monsoon,1,9429,1.1,3058.84
P1409,Sports,North,4598.03,1466.03,285,11.8,79,3.0,2.0,Regular,1,3777,1.95,3448.52
P1410,Fashion,South,9149.68,3956.08,447,70.4,205,4.6,21.8,Winter,0,4046,1.23,7925.87
P1411,Beauty,North,2056.06,2547.34,332,57.1,278,4.2,20.6,Summer,1,6431,1.08,2216.37
P1412,Electronics,East,249.26,2432.89,329,90.9,272,3.9,27.7,Monsoon,1,9951,0.86,324.04
P1413,Books,East,788.94,744.43,393,24.8,32,3.5,3.1,Regular,0,6862,1.42,693.87
P1414,Fashion,South,9066.71,362.35,109,82.4,142,3.6,32.2,Festival,0,2039,0.69,8376.88
P1415,Electronics,North,6545.66,1240.57,487,81.3,251,2.6,5.6,Regular,1,4395,0.48,4959.72
P1416,Sports,West,2875.8,1957.08,151,21.4,294,3.6,16.7,Winter,1,8224,0.35,2557.56
P1417,Electronics,North,1936.49,4627.75,283,45.9,98,4.5,35.3,Monsoon,0,2764,0.8,2517.44
P1418,Books,East,3083.81,5448.57,13,25.3,136,3.5,22.4,Regular,0,7096,0.97,3799.09
P1419,Fashion,East,1325.01,1630.91,122,32.9,277,3.5,15.2,Monsoon,0,4236,1.24,1335.66
P1420,Beauty,North,9427.02,4563.76,98,33.7,43,2.5,1.9,Monsoon,0,388,0.8,7957.3
P1421,Sports,North,7885.22,3706.85,438,60.1,120,3.6,26.9,Festival,1,9903,1.97,7259.63
P1422,Fashion,West,4731.43,2072.93,148,47.0,220,2.6,39.5,Summer,0,6018,0.8,4160.81
P1423,Books,West,8676.63,250.6,293,95.3,46,3.9,36.5,Winter,0,7734,1.05,7715.85
P1424,Sports,North,2644.69,4999.62,390,21.4,236,3.8,28.7,Regular,1,6771,0.48,2907.7
P1425,Home & Kitchen,North,7227.78,7255.93,18,97.6,48,4.6,4.2,Summer,0,8411,0.74,8702.47
P1426,Electronics,North,8590.1,2515.18,498,30.8,198,4.0,9.6,Festival,1,6555,0.38,6860.78
P1427,Books,North,3696.33,1540.25,261,79.6,84,3.3,7.5,Summer,0,6437,1.25,3520.55
P1428,Home & Kitchen,South,7623.15,9334.28,350,40.5,31,3.8,14.2,Monsoon,1,8060,1.58,7595.87
P1429,Fashion,North,3091.71,3018.26,190,22.9,161,4.2,9.4,Monsoon,1,6526,0.63,2821.43
P1430,Beauty,West,3128.8,2487.68,349,87.2,71,2.7,9.8,Winter,0,3062,0.93,3332.55
P1431,Sports,East,1249.16,9025.24,404,37.8,8,4.1,24.7,Regular,1,7534,0.33,1623.91
P1432,Electronics,South,4512.57,8612.55,211,69.3,52,4.8,12.7,Regular,1,2660,1.73,5669.09
P1433,Sports,North,7351.18,4806.94,350,61.0,45,3.2,27.1,Festival,1,2523,1.63,7474.84
P1434,Fashion,East,9414.16,5228.95,435,52.5,293,4.1,37.9,Winter,0,5305,0.41,8312.43
P1435,Sports,South,6117.21,2427.17,176,54.6,300,4.6,25.5,Regular,0,2738,0.92,5372.1
P1436,Electronics,East,8658.73,988.07,468,75.9,38,3.8,30.1,Monsoon,0,4854,1.92,6850.59
P1437,Fashion,North,8260.45,6097.82,274,17.9,231,4.3,30.1,Winter,0,1340,0.97,7491.4
P1438,Sports,North,1898.76,1194.92,225,70.1,262,3.3,13.2,Summer,0,8348,1.19,1809.6
P1439,Beauty,West,4961.01,4816.51,156,90.6,68,3.3,0.6,Winter,0,2657,0.9,5475.47
P1440,Books,North,1345.85,9885.93,115,15.2,179,4.2,2.2,Winter,1,8128,1.31,1749.6
P1441,Fashion,North,6885.1,10013.25,187,22.7,186,4.3,11.3,Regular,0,1738,1.96,7355.12
P1442,Books,South,9509.02,2649.91,403,74.5,201,4.8,27.6,Festival,1,6561,2.0,8366.81
P1443,Fashion,West,1543.48,6620.85,343,49.4,13,3.1,36.3,Festival,1,8247,1.62,2006.52
P1444,Beauty,South,7392.05,5072.47,76,46.3,214,3.7,38.4,Regular,0,8764,0.99,7444.74
P1445,Books,East,6395.93,9217.07,422,22.3,220,3.1,1.0,Regular,0,6722,1.14,6490.66
P1446,Home & Kitchen,North,5919.33,2981.17,390,55.6,286,2.7,39.6,Regular,1,3393,0.91,4849.36
P1447,Electronics,East,4023.18,218.21,287,21.4,244,3.5,12.9,Festival,0,115,1.98,3175.94
P1448,Home & Kitchen,South,3680.29,1857.63,78,52.9,258,3.4,33.7,Regular,0,3460,1.5,3558.15
P1449,Sports,North,643.44,3787.08,359,78.7,58,3.2,7.2,Summer,1,3031,1.06,836.47
P1450,Beauty,North,2335.51,3438.24,219,33.2,36,3.2,2.5,Summer,0,5638,0.32,2670.72
P1451,Home & Kitchen,South,348.73,8346.87,332,53.3,193,3.4,15.1,Monsoon,1,2865,1.18,453.35
P1452,Fashion,South,5897.89,7203.39,480,99.3,50,5.0,34.4,Summer,1,5146,1.97,6419.17
P1453,Sports,South,1237.36,3271.42,27,71.8,32,4.5,8.8,Winter,0,2067,1.19,1608.57
P1454,Sports,South,8755.59,4903.92,72,85.7,98,2.7,6.2,Monsoon,1,6723,0.61,8987.03
P1455,Home & Kitchen,South,5326.8,1166.17,402,47.3,43,4.7,36.4,Summer,0,1792,0.34,4139.27
P1456,Home & Kitchen,North,7056.96,9448.87,451,79.1,47,4.1,37.5,Winter,1,5770,0.9,7538.35
P1457,Beauty,South,4226.4,9833.58,377,13.6,270,4.7,0.5,Summer,1,3559,1.86,5155.48
P1458,Electronics,North,5693.68,10291.57,366,21.1,63,3.4,29.1,Winter,0,6436,1.99,6440.4
P1459,Home & Kitchen,North,9438.06,9143.47,97,28.3,19,3.7,12.4,Regular,0,3584,1.91,9151.42
P1460,Home & Kitchen,South,1010.79,1975.28,325,46.2,101,4.7,15.0,Winter,0,5186,1.54,1310.6
P1461,Books,South,2688.59,656.75,328,86.1,37,3.2,18.8,Regular,0,5635,1.25,2370.74
P1462,Fashion,West,7843.89,6161.44,388,41.2,107,4.8,17.1,Winter,1,8604,1.3,6993.85
P1463,Books,North,1167.62,9598.08,67,68.9,92,4.6,20.6,Winter,0,7208,1.22,1517.91
P1464,Books,South,941.48,2010.27,228,73.8,185,5.0,23.3,Summer,0,1684,1.5,1223.92
P1465,Sports,South,3743.11,252.68,229,62.8,216,3.3,18.6,Winter,0,574,1.01,3204.33
P1466,Electronics,South,1103.25,8492.72,373,42.2,28,3.1,28.1,Summer,0,4976,1.44,1434.22
P1467,Fashion,West,5933.77,972.53,350,61.9,36,3.3,28.7,Winter,1,1772,0.51,4911.51
P1468,Beauty,West,2417.5,4449.45,341,40.8,18,4.9,17.6,Festival,0,8661,0.75,3089.84
P1469,Beauty,East,8977.84,7186.12,107,17.5,196,3.3,5.7,Monsoon,1,6979,1.72,7678.5
P1470,Home & Kitchen,North,7878.3,2623.75,219,99.4,78,3.9,25.6,Summer,1,6207,1.84,7283.35
P1471,Home & Kitchen,East,7057.11,1046.49,196,21.4,167,3.5,30.9,Summer,0,3914,1.22,5515.69
P1472,Beauty,South,6246.05,8126.62,164,16.5,90,3.5,25.5,Regular,0,1117,0.35,6345.84
P1473,Home & Kitchen,West,8661.96,6683.41,376,89.1,264,3.0,23.5,Festival,0,9642,1.88,9300.55
P1474,Electronics,West,2386.01,10381.22,211,37.2,208,3.8,9.2,Regular,0,6488,1.49,3101.81
P1475,Books,East,8756.47,3733.26,273,68.5,212,4.6,25.8,Festival,0,1469,1.0,8704.85
P1476,Home & Kitchen,West,7937.02,817.39,198,39.6,271,2.6,13.4,Festival,1,7321,1.32,6502.08
P1477,Sports,South,7531.98,7758.49,384,45.2,263,4.7,36.8,Winter,1,4052,1.03,7195.32
P1478,Home & Kitchen,West,5700.31,5564.29,407,33.6,273,4.2,26.1,Regular,0,679,1.09,5343.09
P1479,Fashion,East,2613.19,2380.26,156,40.9,214,4.0,11.1,Monsoon,0,1884,1.81,2439.82
P1480,Electronics,South,4350.77,8247.44,241,47.0,64,4.1,18.9,Festival,0,5368,0.57,5656.0
P1481,Fashion,East,7976.99,2282.76,92,74.8,12,3.2,33.9,Festival,1,5050,0.48,7771.29
P1482,Fashion,West,511.43,2870.03,15,56.0,210,3.5,13.4,Summer,0,4181,0.3,664.86
P1483,Sports,East,7864.1,1134.89,191,94.9,174,4.5,21.0,Winter,0,6779,0.83,7220.23
P1484,Electronics,East,2552.69,4302.14,218,13.8,256,3.3,27.2,Monsoon,0,2403,0.55,2856.67
P1485,Electronics,North,1614.23,4503.35,19,55.3,101,3.7,30.2,Festival,1,3105,0.67,2098.5
P1486,Electronics,West,1333.87,5490.28,270,62.6,16,2.5,7.0,Summer,0,8253,0.32,1734.03
P1487,Electronics,West,467.05,7496.51,301,92.8,197,4.3,22.6,Regular,0,9673,0.69,607.17
P1488,Electronics,East,5331.15,9530.96,415,14.4,258,3.5,36.5,Festival,0,3207,0.87,6378.53
P1489,Sports,North,2338.95,1601.42,448,61.6,244,3.8,38.7,Summer,0,6132,0.35,2131.39
P1490,Home & Kitchen,West,9896.43,740.87,77,86.8,249,2.8,26.2,Regular,1,5913,1.33,8725.29
P1491,Fashion,South,5829.48,371.24,56,31.8,105,5.0,39.3,Winter,0,9676,1.27,5026.3
P1492,Electronics,East,1551.28,1662.17,132,88.9,182,3.3,22.8,Regular,0,1006,0.46,1711.05
P1493,Home & Kitchen,West,6949.87,6970.04,32,11.7,155,4.1,17.7,Festival,1,3908,1.31,7558.43
P1494,Home & Kitchen,South,8997.89,7687.56,69,75.9,287,4.0,22.1,Monsoon,0,4858,2.0,10204.06
P1495,Fashion,West,7502.76,8296.74,21,94.0,169,4.5,4.6,Regular,0,6188,1.91,8895.86
P1496,Sports,South,949.11,2695.07,355,69.1,47,3.2,16.1,Monsoon,1,8482,0.3,1233.84
P1497,Beauty,East,8979.66,3336.83,432,49.5,43,4.4,18.3,Monsoon,1,7934,1.65,7094.48
P1498,Beauty,West,7980.51,5165.95,142,14.0,221,3.5,33.9,Regular,0,7091,0.9,6610.28
P1499,Home & Kitchen,West,1751.38,832.05,323,92.8,1,3.5,30.3,Winter,1,2005,0.41,1671.33
P1500,Books,North,707.5,6486.98,233,52.3,200,4.2,24.1,Regular,1,5041,0.8,919.75
P1501,Books,East,5661.64,10332.15,258,12.6,144,4.5,13.9,Summer,0,4115,0.85,6558.67
P1502,Fashion,South,1729.15,3903.52,481,72.1,28,4.2,7.5,Monsoon,1,2853,1.19,2247.9
P1503,Beauty,West,8378.99,7949.39,214,53.4,278,4.7,13.9,Festival,0,1074,1.42,9057.88
P1504,Home & Kitchen,West,3711.68,5340.35,435,21.2,41,3.2,27.2,Monsoon,1,8842,1.57,3621.74
P1505,Sports,South,9146.35,1499.02,298,29.3,147,4.8,10.5,Festival,1,2379,0.72,7391.08
P1506,Beauty,East,5743.74,6188.69,235,15.8,178,2.8,17.1,Summer,0,2748,0.85,5643.76
P1507,Home & Kitchen,North,1990.19,3274.7,245,61.7,167,4.1,15.5,Summer,0,4744,0.82,2481.53
P1508,Home & Kitchen,North,1568.07,535.04,74,66.0,123,3.9,30.6,Summer,0,3076,0.92,1575.36
P1509,Electronics,West,5849.43,6732.47,108,55.5,74,3.7,35.4,Regular,0,7897,2.0,6167.75
P1510,Sports,South,7666.46,9044.18,208,83.5,239,3.3,28.0,Monsoon,0,9384,1.62,8673.63
P1511,Electronics,West,7858.76,3738.02,57,87.5,249,3.8,13.7,Festival,1,1061,1.96,8652.38
P1512,Fashion,South,2902.42,4207.85,466,65.4,263,2.9,17.3,Summer,0,7093,1.48,3217.86
P1513,Electronics,North,2201.62,9375.34,432,11.1,252,3.4,5.7,Summer,0,5674,0.99,2862.11
P1514,Electronics,East,364.21,8576.44,379,72.6,111,2.7,6.7,Festival,1,9345,0.96,473.47
P1515,Beauty,South,6856.15,7558.31,334,47.6,180,3.9,6.6,Monsoon,1,9888,1.13,6885.76
P1516,Books,North,950.37,2747.59,58,60.9,188,2.7,5.2,Monsoon,1,1750,1.01,1235.48
P1517,Home & Kitchen,West,4323.46,9573.44,280,68.4,207,2.9,7.2,Festival,0,268,1.71,5620.5
P1518,Sports,South,6096.49,1773.57,339,41.5,234,2.7,8.1,Winter,1,8128,1.09,5004.06
P1519,Electronics,East,9383.67,6648.27,35,92.5,24,3.5,4.5,Monsoon,1,8968,0.8,10055.52
P1520,Sports,West,3255.66,477.23,139,22.1,26,4.6,25.6,Festival,0,7202,1.62,2760.6
P1521,Books,West,2647.77,6823.19,62,70.4,218,4.8,39.6,Festival,0,5876,1.75,3442.1
P1522,Books,North,6610.77,3040.13,109,10.4,10,2.7,35.2,Summer,1,5635,1.01,5099.96
P1523,Electronics,South,6268.54,4820.67,270,93.2,17,4.1,1.8,Festival,0,8108,1.44,6967.21
P1524,Fashion,West,3454.68,3743.13,14,20.1,245,4.2,16.9,Regular,0,861,0.4,3647.92
P1525,Electronics,East,9295.4,1962.85,500,18.5,206,3.8,34.4,Summer,0,5506,1.2,6971.55
P1526,Beauty,South,8479.65,6598.84,257,40.0,258,4.2,5.4,Summer,0,7727,0.38,8049.9
P1527,Home & Kitchen,East,2395.03,9281.99,299,43.6,112,3.1,33.9,Monsoon,0,4959,0.35,3113.54
P1528,Fashion,West,2543.6,10077.75,160,29.3,205,3.7,23.7,Winter,0,4759,1.34,3306.68
P1529,Electronics,East,5220.54,2165.01,162,62.7,27,3.5,37.3,Monsoon,0,4571,0.82,4665.76
P1530,Sports,North,7781.01,7583.29,41,49.9,71,2.7,35.0,Regular,0,9825,1.56,8338.05
P1531,Fashion,East,631.6,7035.98,123,13.1,176,4.1,27.1,Summer,1,4087,1.82,821.08
P1532,Fashion,South,6994.68,3723.66,71,38.8,202,3.7,26.3,Summer,1,9124,0.54,6798.6
P1533,Electronics,East,6552.71,377.1,246,82.9,248,3.2,8.5,Festival,0,8061,1.53,5856.31
P1534,Fashion,East,2468.5,7298.65,303,72.1,118,3.7,4.7,Winter,0,481,1.17,3209.05
P1535,Sports,North,6877.26,9937.51,467,75.2,9,4.4,16.6,Winter,0,8225,0.49,7791.89
P1536,Books,East,9413.8,6703.48,217,72.8,86,4.5,7.5,Festival,0,9189,1.41,9915.06
P1537,Fashion,East,658.5,4672.22,312,38.0,23,4.1,4.1,Regular,1,9909,1.34,856.05
P1538,Books,West,3332.59,5599.59,105,19.0,240,3.7,12.1,Winter,0,6598,1.18,3938.37
P1539,Sports,West,4494.13,2240.17,60,34.5,73,3.9,34.4,Summer,0,2589,1.88,4239.54
P1540,Electronics,South,9012.75,7925.62,336,84.9,27,3.5,0.7,Regular,0,440,1.19,9541.58
P1541,Home & Kitchen,West,9630.16,7883.05,328,98.2,81,2.8,11.7,Monsoon,1,132,1.98,10015.3
P1542,Fashion,West,4552.33,1681.74,243,54.4,84,3.5,17.0,Monsoon,0,1052,1.17,4033.35
P1543,Home & Kitchen,West,7550.28,9240.74,397,10.9,199,3.8,20.4,Regular,0,8722,0.5,6917.3
P1544,Sports,West,5410.28,2958.04,235,22.6,43,4.0,7.3,Summer,1,9018,1.1,4535.76
P1545,Fashion,North,5470.27,10316.88,366,39.0,263,4.8,38.6,Monsoon,0,7446,0.61,6403.15
P1546,Books,West,2925.38,4131.56,385,62.1,92,4.4,23.2,Summer,0,9996,1.32,3264.79
P1547,Beauty,North,2326.17,2015.76,96,16.8,84,2.9,20.9,Festival,0,9490,1.48,2332.02
P1548,Home & Kitchen,North,3022.45,3809.75,283,94.9,300,2.9,0.4,Winter,0,9378,1.1,3568.86
P1549,Fashion,West,5652.01,4722.66,451,42.9,296,2.8,19.4,Regular,0,3306,0.47,4935.58
P1550,Home & Kitchen,East,485.72,895.26,113,92.1,135,4.3,33.5,Winter,1,9777,1.1,620.39
P1551,Fashion,North,9091.04,6147.21,321,80.2,281,4.3,8.8,Festival,1,3294,0.44,9647.91
P1552,Electronics,East,1731.58,6347.57,172,78.0,59,5.0,14.0,Monsoon,0,6057,1.46,2251.05
P1553,Books,East,2356.87,7805.76,304,64.6,241,3.8,0.8,Summer,0,572,1.64,3063.93
P1554,Home & Kitchen,West,5279.11,481.03,474,66.4,98,4.6,39.1,Summer,0,1744,1.94,4092.38
P1555,Beauty,South,7159.12,5765.58,412,67.4,62,3.9,2.7,Festival,0,2302,0.55,7223.46
P1556,Beauty,West,1138.14,726.0,439,66.6,264,4.7,35.9,Regular,0,4887,1.21,1009.94
P1557,Sports,South,3313.41,7415.81,446,59.8,113,4.3,12.5,Winter,0,7376,1.26,4307.43
P1558,Fashion,South,9693.01,755.11,222,98.8,146,4.1,23.5,Monsoon,0,8519,1.87,8375.27
P1559,Home & Kitchen,West,2770.96,9589.03,226,75.9,216,3.9,27.2,Regular,0,197,1.37,3602.25
P1560,Sports,West,3267.89,7425.49,165,79.9,256,4.3,5.6,Festival,0,8198,0.55,4248.26
P1561,Home & Kitchen,South,8397.69,5416.26,20,88.5,258,3.5,17.8,Festival,0,3670,1.04,9783.39
P1562,Fashion,West,692.1,4736.32,282,29.4,194,2.7,13.0,Summer,0,9181,1.41,899.73
P1563,Beauty,South,4753.21,1528.54,61,17.5,14,2.6,2.3,Monsoon,0,3759,1.49,4046.75
P1564,Electronics,East,3920.24,3183.11,66,53.5,103,3.7,33.3,Regular,1,4387,1.77,4055.11
P1565,Beauty,West,3302.55,9147.66,367,56.3,245,4.0,1.8,Summer,0,5144,0.61,4293.32
P1566,Sports,East,2999.86,9513.95,470,84.6,245,2.7,26.1,Monsoon,0,9465,1.92,3899.82
P1567,Books,North,1095.47,187.72,331,49.9,268,3.2,12.6,Winter,0,7522,0.4,901.98
P1568,Electronics,East,3285.29,6311.49,246,61.4,224,3.3,7.7,Winter,0,3413,1.97,4238.78
P1569,Sports,East,621.91,7603.18,94,57.4,220,3.9,26.7,Summer,1,3073,1.76,808.48
P1570,Fashion,South,7853.45,6565.47,76,13.4,217,3.2,23.0,Regular,1,1867,1.42,7514.85
P1571,Electronics,East,4102.63,1022.94,330,65.4,4,2.7,12.6,Monsoon,0,733,1.55,3491.27
P1572,Sports,West,4550.26,2426.92,34,84.5,36,2.9,20.5,Winter,1,5557,0.42,4699.04
P1573,Fashion,South,8957.23,2763.51,363,24.2,178,2.9,9.8,Winter,0,6781,0.37,6717.92
P1574,Beauty,North,6648.94,8763.4,411,63.5,257,4.6,34.5,Regular,0,9474,0.47,6867.25
P1575,Books,West,278.98,4960.22,292,63.4,17,3.2,12.6,Summer,0,8858,0.45,362.67
P1576,Fashion,North,9443.11,5204.07,90,24.8,199,4.3,9.8,Festival,1,2960,1.23,8673.27
P1577,Home & Kitchen,East,2524.02,9828.1,238,21.1,48,3.9,30.1,Monsoon,0,2067,0.67,3281.23
P1578,Fashion,West,1254.62,6754.73,239,98.2,62,4.9,0.7,Winter,1,4273,1.76,1631.01
P1579,Fashion,West,7727.66,9454.25,317,45.4,69,3.2,10.7,Festival,0,2234,1.06,8905.48
P1580,Books,North,5104.68,4891.17,369,30.5,147,2.9,15.0,Regular,0,1407,1.48,4462.56
P1581,Home & Kitchen,West,4450.95,1722.18,269,25.4,162,2.6,35.3,Summer,1,6741,1.41,3420.26
P1582,Sports,West,2645.13,9776.94,291,70.1,227,3.1,38.0,Monsoon,1,6581,0.84,3438.67
P1583,Sports,West,5565.22,4913.84,331,64.9,230,4.2,28.7,Regular,1,4716,0.71,5433.26
P1584,Fashion,East,2888.97,2054.44,397,67.9,178,2.7,19.7,Summer,1,7447,0.88,2684.27
P1585,Home & Kitchen,North,9035.51,3300.72,273,17.9,56,3.1,25.6,Regular,0,2518,1.65,7301.36
P1586,Home & Kitchen,West,2309.0,704.28,190,90.4,78,4.6,16.6,Winter,0,7341,1.3,2177.1
P1587,Books,South,8866.68,5012.86,135,45.0,270,4.0,12.0,Winter,0,7305,0.73,8290.54
P1588,Beauty,South,5682.17,8984.28,295,38.2,206,2.7,38.0,Festival,0,3970,1.69,6968.67
P1589,Sports,South,8319.18,9814.55,485,51.6,281,2.6,4.6,Regular,1,4286,0.39,7971.2
P1590,Books,South,7185.89,9804.45,281,45.1,228,2.7,13.9,Winter,1,1989,1.49,7837.93
P1591,Electronics,East,7027.61,1472.37,324,87.7,239,4.9,36.0,Summer,1,3906,1.05,6153.4
P1592,Sports,West,3378.59,4122.8,355,93.6,288,4.6,28.9,Festival,0,100,1.54,3989.23
P1593,Books,North,2492.19,471.32,184,37.3,82,4.6,1.2,Monsoon,1,7180,1.88,1935.76
P1594,Sports,West,2266.69,9005.31,294,87.8,250,4.8,0.9,Regular,1,1410,1.58,2946.7
P1595,Beauty,East,8600.48,3882.36,484,80.3,193,3.8,20.7,Winter,0,6855,1.05,7994.84
P1596,Electronics,South,8240.18,6693.13,381,93.8,106,3.1,19.4,Summer,0,8607,0.56,8217.02
P1597,Beauty,East,4517.62,7557.75,167,32.1,189,3.5,17.7,Regular,1,6080,1.67,4788.43
P1598,Electronics,West,1497.57,4616.0,275,61.9,276,4.3,12.1,Summer,0,3095,1.08,1946.84
P1599,Fashion,North,3946.07,3342.48,380,34.7,74,4.7,39.5,Festival,1,307,0.43,3664.4
P1600,Books,East,6269.57,10110.04,100,84.2,10,3.6,10.9,Winter,0,94,1.52,7768.85
P1601,Electronics,North,4653.15,10133.52,266,10.5,123,3.8,19.6,Winter,0,8510,0.8,5932.55
P1602,Beauty,East,7845.85,3166.98,369,60.8,216,4.8,16.2,Festival,0,1384,0.38,7002.16
P1603,Sports,North,9976.7,5129.73,473,40.5,290,2.8,6.8,Summer,0,721,1.83,8363.31
P1604,Electronics,North,2073.09,10219.75,357,39.0,40,4.7,8.1,Regular,0,7050,1.12,2695.02
P1605,Books,South,4704.58,230.24,292,68.0,193,2.9,36.7,Summer,0,3688,0.78,3815.35
P1606,Electronics,North,4423.64,4438.84,440,86.6,127,3.7,34.3,Regular,1,6135,1.52,4337.8
P1607,Home & Kitchen,South,3184.03,1216.72,87,64.8,289,3.0,8.0,Festival,1,284,1.81,3073.94
P1608,Sports,West,2141.34,5434.51,229,86.8,71,4.0,35.0,Monsoon,0,6884,0.3,2783.74
P1609,Books,West,843.78,434.59,416,33.8,137,3.9,8.4,Regular,0,3257,1.47,667.72
P1610,Books,South,8893.77,4379.19,227,56.8,144,3.5,25.1,Winter,0,5614,1.6,8327.12
P1611,Fashion,South,4314.52,2457.61,473,50.5,299,4.7,3.3,Winter,1,2450,0.66,3650.12
P1612,Beauty,East,5069.58,5683.74,122,11.0,269,4.1,35.2,Winter,0,9659,1.13,4996.38
P1613,Fashion,East,9186.03,10458.65,486,60.1,139,4.3,2.1,Summer,0,5139,0.45,9306.56
P1614,Books,East,7807.65,8441.53,196,69.5,52,2.9,22.2,Summer,0,7601,1.57,8376.63
P1615,Sports,West,1478.91,8907.03,83,63.3,17,4.7,31.2,Summer,1,5055,1.74,1922.58
P1616,Electronics,East,5741.12,6735.93,82,76.3,165,2.9,4.7,Winter,0,7540,0.48,6464.8
P1617,Electronics,North,4534.07,608.9,151,61.4,13,3.1,16.2,Regular,1,7790,1.69,3601.47
P1618,Sports,North,8012.67,2314.15,111,16.0,190,2.8,1.7,Winter,1,8681,1.61,6314.31
P1619,Books,East,7297.48,9726.67,386,20.5,264,3.6,27.3,Regular,0,5232,0.89,6909.75
P1620,Electronics,North,6965.98,3958.29,275,63.7,221,4.7,12.3,Summer,0,700,1.47,6691.04
P1621,Electronics,West,3537.34,1249.53,394,34.7,104,3.1,22.4,Monsoon,0,83,0.3,2789.53
P1622,Electronics,North,8088.64,7428.82,248,17.2,198,3.4,37.3,Summer,0,3082,1.88,7531.95
P1623,Beauty,West,713.43,3270.4,77,48.7,300,4.6,12.2,Festival,0,7694,1.24,927.46
P1624,Beauty,South,1764.32,2954.6,361,59.9,169,4.0,1.9,Regular,0,1160,1.35,2005.84
P1625,Home & Kitchen,South,3489.11,10479.13,472,39.6,149,4.4,27.0,Monsoon,1,8703,1.43,4535.84
P1626,Fashion,South,952.71,9035.99,358,74.8,249,3.0,31.5,Summer,0,8563,1.25,1238.52
P1627,Sports,South,2502.94,4389.92,426,67.9,256,4.3,38.3,Monsoon,0,4560,1.76,3010.67
P1628,Sports,North,8335.48,10296.3,30,40.0,42,3.1,6.3,Winter,0,1924,1.34,9575.5
P1629,Sports,East,9492.87,6889.17,214,77.9,202,5.0,15.7,Regular,0,3089,1.84,9462.87
P1630,Home & Kitchen,North,3185.1,7837.67,96,68.4,244,3.9,33.8,Festival,0,1306,1.29,4140.63
P1631,Beauty,West,2792.25,505.21,129,67.4,157,4.2,32.3,Winter,0,3290,0.59,2451.83
P1632,Books,North,2942.95,1434.97,439,59.8,286,2.8,25.0,Monsoon,0,4313,1.85,2433.08
P1633,Books,North,2921.65,6713.44,77,11.0,282,3.1,10.8,Summer,1,5319,1.46,3798.15
P1634,Home & Kitchen,West,552.12,9457.93,484,72.7,238,2.8,11.4,Regular,0,7767,1.49,717.76
P1635,Books,South,9283.78,6617.04,127,43.8,19,3.5,5.0,Festival,1,1459,1.98,9100.7
P1636,Sports,South,2294.24,1563.14,313,94.8,53,3.2,36.9,Summer,0,1882,0.43,2372.05
P1637,Fashion,South,4316.04,1374.64,188,83.6,85,4.3,6.9,Festival,0,2074,1.03,4337.6
P1638,Electronics,East,294.93,8892.0,191,62.9,273,2.8,22.9,Regular,0,5786,0.71,383.41
P1639,Beauty,West,8607.96,1617.6,202,32.7,213,4.4,23.4,Monsoon,1,5043,1.37,6546.21
P1640,Beauty,West,7365.34,5548.79,82,28.3,104,2.6,14.8,Festival,0,7684,1.67,7341.28
P1641,Home & Kitchen,North,9478.21,563.01,352,40.6,192,3.0,14.1,Regular,0,5007,1.94,7108.66
P1642,Beauty,East,7859.83,1012.51,190,52.9,177,4.5,26.7,Festival,0,3263,1.07,7041.74
P1643,Sports,South,3274.32,7118.63,348,36.6,147,4.4,15.5,Summer,0,6258,1.64,4256.62
P1644,Books,East,2629.16,7292.35,257,56.3,81,3.7,10.2,Festival,0,9694,1.86,3417.91
P1645,Sports,West,7037.62,3703.96,17,24.9,193,2.6,16.0,Summer,1,6503,1.46,6536.88
P1646,Home & Kitchen,West,3768.31,2405.09,303,98.0,37,4.0,32.3,Summer,0,2803,0.71,3917.74
P1647,Sports,North,5748.91,8577.49,80,19.7,154,3.5,38.7,Regular,1,7378,1.33,5894.24
P1648,Books,North,261.32,2420.51,55,93.9,130,3.3,25.4,Winter,0,355,1.95,339.72
P1649,Fashion,West,806.48,5773.72,279,92.2,59,4.1,31.3,Festival,0,1434,1.98,1048.42
P1650,Home & Kitchen,South,5446.61,10171.92,153,57.3,224,3.6,21.3,Monsoon,0,3417,1.39,6776.65
P1651,Fashion,South,5747.5,1705.84,223,75.2,249,2.7,25.0,Summer,0,1624,1.81,5250.67
P1652,Electronics,East,7564.24,9889.84,126,49.2,240,4.8,39.5,Winter,0,922,0.64,8623.71
P1653,Fashion,West,1493.26,2067.46,215,66.7,293,4.4,17.5,Summer,1,8410,0.72,1663.47
P1654,Electronics,West,5229.19,6036.01,284,40.7,287,2.6,2.7,Winter,0,5628,1.92,5601.65
P1655,Electronics,South,2105.59,4070.72,30,37.1,204,3.8,38.3,Winter,1,9845,0.53,2728.66
P1656,Fashion,South,1113.32,10138.06,177,62.0,99,2.7,31.7,Monsoon,1,1080,0.62,1447.32
P1657,Home & Kitchen,West,4222.86,3002.95,160,54.8,176,4.6,15.9,Winter,0,7814,1.01,4230.31
P1658,Books,North,1800.7,4304.47,242,62.2,262,4.0,39.3,Monsoon,1,9976,1.3,2340.91
P1659,Sports,West,2373.46,10323.12,380,35.8,271,2.9,13.8,Regular,0,6781,1.33,3085.5
P1660,Sports,West,3312.03,5716.37,86,43.0,143,2.6,14.9,Summer,0,6955,0.8,4026.52
P1661,Books,South,2742.01,5367.14,496,17.6,189,2.6,24.4,Monsoon,0,4492,1.87,3124.57
P1662,Electronics,South,1058.39,2840.27,360,14.7,272,3.8,11.0,Summer,0,3717,1.86,1375.91
P1663,Electronics,North,1081.18,7418.07,494,32.8,20,4.3,27.9,Festival,1,1326,0.97,1405.53
P1664,Home & Kitchen,North,2093.84,328.33,417,16.7,300,2.8,6.1,Regular,1,6603,1.04,1570.38
P1665,Beauty,East,695.48,690.97,277,19.3,46,3.1,4.3,Festival,0,592,1.49,709.35
P1666,Fashion,West,6339.28,6365.38,72,83.2,95,3.3,21.4,Festival,0,8596,1.43,7889.23
P1667,Electronics,South,3015.8,3706.08,48,13.5,64,3.0,22.2,Winter,0,4858,0.95,3326.31
P1668,Sports,North,2941.51,10018.22,497,69.3,131,3.5,4.3,Winter,1,7781,1.0,3823.96
P1669,Home & Kitchen,East,3453.58,9500.93,65,34.5,9,3.9,38.6,Festival,0,633,0.89,4489.65
P1670,Fashion,East,6695.4,7545.45,127,88.4,203,4.2,22.9,Winter,0,560,0.7,7741.98
P1671,Home & Kitchen,South,8732.21,8623.26,353,53.6,298,4.9,6.0,Summer,1,6726,1.08,8235.34
P1672,Fashion,South,7639.05,7066.86,200,37.5,174,4.8,12.5,Winter,0,6721,1.47,7650.32
P1673,Fashion,East,7329.79,1476.01,334,56.6,73,3.9,32.0,Festival,1,9188,1.56,6567.08
P1674,Books,North,4947.03,8080.41,413,44.4,84,4.3,20.9,Winter,0,7745,1.62,5516.75
P1675,Electronics,East,6999.29,2349.18,483,60.8,59,4.9,7.5,Winter,1,3523,0.94,5735.96
P1676,Home & Kitchen,West,5617.07,3517.93,327,20.3,21,2.7,4.1,Monsoon,0,1248,1.6,4763.29
P1677,Home & Kitchen,West,2319.26,8634.5,115,99.7,157,2.5,17.2,Monsoon,0,4045,0.31,3015.04
P1678,Books,South,2244.17,5716.94,262,48.3,61,2.6,13.5,Festival,1,4585,1.11,2917.42
P1679,Sports,North,3104.64,9054.59,93,41.3,64,3.9,26.2,Summer,1,5921,1.65,4036.03
P1680,Sports,North,9125.87,2378.52,437,73.9,168,4.4,37.0,Regular,1,3353,1.37,6844.4
P1681,Electronics,West,5564.67,6452.27,202,42.8,203,3.4,9.9,Regular,0,2497,1.11,5761.35
P1682,Electronics,East,7392.27,1044.72,286,85.0,129,3.9,34.2,Festival,1,9458,1.4,6850.84
P1683,Beauty,South,3596.28,6816.39,204,50.9,245,3.8,36.8,Summer,0,7789,1.84,4525.06
P1684,Books,East,4195.61,8049.35,103,74.8,106,2.7,36.1,Summer,0,6894,1.26,5454.29
P1685,Sports,East,1430.54,6216.49,31,19.7,122,3.3,38.1,Summer,0,1340,1.66,1859.7
P1686,Fashion,East,1878.69,2927.51,93,86.2,182,2.5,33.7,Monsoon,1,5884,1.97,2262.6
P1687,Home & Kitchen,North,8308.09,503.46,150,76.2,103,2.8,23.7,Festival,1,7599,1.5,7434.16
P1688,Electronics,West,5931.42,1412.71,186,29.1,261,4.5,16.4,Regular,0,6737,1.27,4670.99
P1689,Home & Kitchen,North,3507.82,6602.17,261,23.1,113,4.6,19.7,Summer,0,8743,0.36,4160.07
P1690,Home & Kitchen,West,8067.94,9823.22,193,38.5,70,4.5,34.9,Festival,0,7478,0.94,9056.25
P1691,Beauty,South,2615.9,2311.44,244,97.8,160,4.3,12.1,Regular,0,436,1.26,2805.82
P1692,Sports,South,9765.12,7765.47,363,33.1,240,4.5,6.4,Monsoon,0,8653,1.66,8543.83
P1693,Electronics,East,3579.21,9121.77,391,51.1,11,4.2,5.6,Winter,1,2056,1.04,4652.97
P1694,Home & Kitchen,West,3505.65,5555.5,200,12.7,138,4.2,33.1,Regular,0,5263,1.93,3688.89
P1695,Electronics,West,3256.74,7086.82,301,45.8,167,4.2,30.5,Regular,1,2197,0.76,4030.46
P1696,Fashion,West,1396.69,8590.96,169,61.4,247,3.8,19.9,Regular,0,3918,1.57,1815.7
P1697,Beauty,East,1289.14,2870.17,311,95.8,31,3.4,11.0,Winter,0,9580,1.01,1675.88
P1698,Fashion,East,6551.43,3243.96,275,56.5,12,4.3,27.1,Summer,0,6087,1.13,6031.91
P1699,Electronics,South,8776.16,186.48,12,83.7,243,3.2,1.5,Winter,1,6687,1.66,8000.26
P1700,Electronics,North,7947.1,10119.13,42,59.2,108,3.9,22.7,Regular,0,402,0.8,9163.09
P1701,Sports,West,1582.85,9649.06,118,13.7,194,3.6,15.9,Monsoon,1,5014,0.46,2057.7
P1702,Home & Kitchen,West,5546.7,8070.34,343,38.4,133,3.2,39.1,Regular,0,3238,1.18,6058.06
P1703,Home & Kitchen,North,1234.8,996.06,60,61.8,281,4.9,20.3,Monsoon,0,1352,1.2,1287.73
P1704,Fashion,West,643.89,4798.23,435,95.6,291,3.1,22.1,Festival,0,7799,1.66,837.06
P1705,Beauty,East,6632.58,1231.52,478,87.3,163,3.3,28.5,Monsoon,1,896,1.95,5220.29
P1706,Books,East,5444.49,344.3,363,30.6,278,2.9,19.4,Regular,1,7571,0.39,4083.37
P1707,Home & Kitchen,West,1003.83,6539.01,142,29.8,203,4.6,9.0,Winter,0,8767,1.31,1304.98
P1708,Sports,East,542.4,10095.76,106,28.1,96,4.0,21.5,Regular,0,2574,1.46,705.12
P1709,Fashion,East,9899.61,9497.6,338,93.0,223,4.0,37.8,Regular,0,1928,1.98,10791.33
P1710,Fashion,West,494.21,7370.51,181,86.7,237,4.6,16.4,Festival,0,4155,1.9,642.47
P1711,Books,South,4556.38,1177.33,173,79.7,117,3.4,27.2,Summer,0,3680,1.51,4048.07
P1712,Sports,North,5145.27,3009.37,343,45.3,192,3.0,39.1,Regular,0,7720,1.19,4531.03
P1713,Beauty,East,1349.35,3482.99,290,55.4,276,3.0,33.2,Festival,0,6717,0.57,1754.16
P1714,Sports,South,1856.81,8055.71,265,51.8,106,4.3,26.4,Winter,1,2869,0.95,2413.85
P1715,Beauty,East,3647.69,8459.21,379,32.8,4,4.0,29.4,Festival,0,6029,1.29,4742.0
P1716,Sports,East,7664.42,4154.3,227,55.5,18,3.0,37.5,Festival,1,8127,1.53,7372.29
P1717,Sports,North,5169.41,4492.56,203,12.7,20,2.9,38.4,Monsoon,0,9300,1.38,4759.18
P1718,Electronics,East,6451.44,639.33,215,21.9,122,2.8,38.8,Summer,0,2539,1.51,4924.33
P1719,Fashion,North,9854.71,3163.89,291,89.8,137,4.1,25.0,Summer,0,5738,1.03,9045.06
P1720,Sports,North,7726.45,4837.26,184,77.7,80,2.5,15.4,Winter,0,3314,1.54,7879.94
P1721,Books,North,4456.74,1387.27,254,48.1,154,2.5,5.3,Festival,1,6073,0.54,3828.39
P1722,Sports,South,4575.13,4857.72,235,56.5,25,3.5,15.4,Winter,0,2343,0.58,4930.28
P1723,Home & Kitchen,West,6263.97,8984.77,476,43.3,169,4.2,37.7,Winter,0,724,0.58,6800.92
P1724,Fashion,South,6720.58,6179.23,486,76.7,59,4.2,35.6,Summer,0,6307,1.81,6912.38
P1725,Home & Kitchen,West,5106.97,994.56,27,80.6,41,3.6,20.9,Summer,1,1061,0.43,4817.39
P1726,Fashion,West,6519.64,2158.05,52,78.7,38,4.2,21.5,Summer,0,9035,1.66,6455.65
P1727,Home & Kitchen,North,430.62,5077.3,113,75.0,117,3.8,12.4,Regular,0,282,0.7,559.81
P1728,Sports,East,4410.3,3910.55,300,28.4,275,4.9,18.2,Festival,0,3077,1.1,4632.47
P1729,Sports,North,2933.59,3882.06,10,40.4,270,2.9,28.6,Winter,1,3659,1.86,3453.09
P1730,Electronics,East,1465.91,5642.04,42,52.3,127,4.0,16.1,Festival,0,2223,1.3,1905.68
P1731,Books,West,1175.56,6210.97,173,39.8,3,3.7,7.5,Winter,1,3434,0.66,1528.23
P1732,Home & Kitchen,North,6111.28,8403.61,360,77.9,293,3.0,21.6,Winter,0,2378,0.78,7028.12
P1733,Beauty,East,5331.29,3698.77,287,39.6,16,4.4,9.0,Winter,0,847,1.86,5087.02
P1734,Electronics,South,2685.12,8492.41,207,22.4,265,3.2,39.0,Winter,0,7171,1.03,3490.66
P1735,Home & Kitchen,East,4815.31,3674.47,329,45.9,239,3.5,15.6,Monsoon,0,3734,1.3,4483.9
P1736,Home & Kitchen,North,5023.88,752.07,317,98.2,263,3.4,36.4,Monsoon,1,4537,1.08,4276.35
P1737,Electronics,South,2111.09,5899.22,277,30.3,134,3.1,9.0,Regular,0,7740,0.94,2744.42
P1738,Sports,East,6590.51,6247.15,248,65.1,213,3.6,7.6,Summer,0,2639,0.68,6865.14
P1739,Home & Kitchen,East,7853.01,9824.46,331,49.0,15,3.7,24.7,Winter,1,4751,1.47,8360.8
P1740,Sports,East,7956.34,7672.95,479,16.4,129,4.4,31.2,Festival,0,8750,1.52,7742.11
P1741,Electronics,East,6104.2,9651.41,51,53.9,122,4.4,22.7,Monsoon,0,7717,0.77,7595.37
P1742,Sports,East,5214.06,9554.14,253,73.2,241,2.9,9.2,Summer,1,6464,1.64,6571.47
P1743,Fashion,South,797.87,6419.2,83,56.2,115,4.0,1.5,Regular,0,1513,1.75,1037.23
P1744,Beauty,West,3020.75,5626.5,114,88.5,197,4.7,24.7,Summer,0,3160,1.87,3926.98
P1745,Home & Kitchen,South,1114.06,5932.79,17,36.0,222,2.8,5.2,Winter,0,1097,0.57,1448.28
P1746,Books,South,9645.47,10276.37,399,17.8,214,3.7,13.7,Summer,0,4921,0.82,8995.24
P1747,Beauty,South,1523.79,8159.09,384,94.3,80,4.4,27.0,Winter,0,5339,1.76,1980.93
P1748,Sports,West,1687.4,1276.66,369,44.0,263,4.0,3.9,Monsoon,1,4485,0.64,1436.89
P1749,Home & Kitchen,North,8917.85,8213.38,94,61.9,135,2.8,5.1,Monsoon,0,8410,0.31,8906.75
P1750,Sports,West,9450.5,1939.95,346,81.3,242,3.5,2.5,Winter,0,1611,1.78,8641.11
P1751,Fashion,South,7705.12,4796.66,352,39.2,270,3.8,39.8,Festival,1,7909,0.85,6924.69
P1752,Electronics,East,252.97,2351.94,284,74.5,287,5.0,15.5,Monsoon,0,6855,1.0,328.86
P1753,Home & Kitchen,East,213.19,7296.5,225,22.2,50,2.9,36.2,Festival,1,7862,1.06,277.15
P1754,Fashion,South,3905.39,9233.84,77,36.2,189,5.0,11.7,Winter,0,6336,1.74,5077.01
P1755,Fashion,East,1605.27,3176.53,238,23.0,297,3.4,30.1,Winter,0,7893,0.87,1931.78
P1756,Home & Kitchen,South,380.18,1026.35,264,83.0,14,3.0,8.8,Monsoon,0,624,1.82,494.23
P1757,Sports,East,4747.85,3260.45,117,30.0,232,3.5,19.9,Festival,0,9984,1.35,4566.83
P1758,Books,West,9442.01,7118.77,50,74.6,261,4.0,33.0,Winter,1,4066,1.2,10322.41
P1759,Fashion,North,3373.43,3572.8,278,94.9,192,3.0,32.7,Monsoon,1,7277,0.85,3655.05
P1760,Beauty,North,6679.18,3050.12,47,57.5,203,3.2,31.8,Winter,0,4074,0.71,6512.63
P1761,Fashion,West,6591.91,2083.37,212,58.6,261,4.6,32.9,Summer,1,8772,1.36,5569.64
P1762,Books,West,2660.59,5314.37,421,51.5,113,5.0,8.5,Summer,0,1040,1.06,3192.33
P1763,Sports,South,6574.17,3027.79,353,39.3,36,3.3,19.3,Monsoon,1,2170,1.85,5130.22
P1764,Sports,South,2280.87,7724.03,107,52.8,79,2.9,19.4,Winter,1,5014,1.14,2965.13
P1765,Beauty,South,1395.67,970.74,128,64.3,275,4.5,35.6,Monsoon,0,2491,1.17,1321.51
P1766,Fashion,East,7073.56,7032.82,14,98.7,278,4.0,11.9,Regular,0,5927,1.01,8388.34
P1767,Sports,South,1311.72,2631.62,333,94.4,162,2.8,37.3,Monsoon,1,2570,1.64,1705.24
P1768,Books,West,9969.71,5229.36,191,87.6,17,4.9,18.0,Monsoon,0,4458,1.02,9711.83
P1769,Home & Kitchen,North,1997.83,3132.45,35,90.0,204,2.7,26.8,Summer,1,9703,0.76,2597.18
P1770,Electronics,East,6022.59,7638.97,160,52.1,17,4.1,10.8,Summer,0,1001,1.77,6737.15
P1771,Electronics,South,4231.47,9935.57,64,69.2,202,3.6,16.4,Winter,0,1014,1.31,5500.91
P1772,Electronics,East,1438.59,9644.23,253,90.6,210,3.9,28.4,Monsoon,0,2184,1.31,1870.17
P1773,Fashion,East,472.87,6200.96,391,45.4,78,3.0,20.5,Monsoon,0,4504,1.34,614.73
P1774,Beauty,South,6302.78,4954.14,378,96.6,56,4.2,37.2,Winter,0,8936,1.52,6468.13
P1775,Sports,East,8106.22,8624.86,443,47.4,80,4.9,29.5,Festival,0,2294,0.83,8437.99
P1776,Home & Kitchen,North,8451.75,7231.93,274,64.1,58,3.6,22.6,Winter,0,2853,0.36,8885.91
P1777,Books,West,4930.59,2074.38,446,73.9,18,3.8,35.5,Summer,1,3961,1.68,4069.8
P1778,Home & Kitchen,West,7819.06,8651.89,221,95.6,208,3.1,26.6,Summer,0,1458,0.52,9094.36
P1779,Books,North,6793.9,4606.09,403,32.0,135,4.7,25.9,Monsoon,1,5287,1.53,5414.72
P1780,Fashion,East,7297.69,2130.33,6,77.2,10,4.9,9.9,Summer,0,4643,0.44,7348.72
P1781,Electronics,South,5027.47,3088.15,28,56.9,69,4.5,15.8,Winter,1,8101,0.94,5102.62
P1782,Fashion,East,6407.44,2940.88,210,34.2,83,3.9,27.3,Monsoon,1,8703,0.41,5228.68
P1783,Beauty,North,8094.15,5538.22,324,79.9,109,4.9,35.7,Winter,0,7713,1.19,8343.63
P1784,Beauty,East,4099.26,2598.7,500,59.7,44,2.9,12.6,Winter,1,9859,1.41,3674.11
P1785,Books,West,8098.59,1455.21,203,69.5,132,3.7,8.6,Monsoon,0,7163,0.59,6828.4
P1786,Sports,East,6001.77,1456.49,360,39.1,18,3.8,23.7,Festival,0,8192,0.93,4805.7
P1787,Sports,North,1825.83,6199.41,118,53.3,93,3.7,2.7,Summer,1,6427,1.88,2373.58
P1788,Books,West,441.9,7762.72,284,65.6,294,4.5,28.6,Regular,0,8658,1.05,574.47
P1789,Beauty,East,3754.99,3498.22,159,46.4,148,4.2,28.1,Regular,0,5651,1.66,3807.95
P1790,Beauty,East,5557.62,537.6,169,27.9,172,2.8,14.2,Regular,0,1438,1.88,4168.22
P1791,Beauty,West,8430.24,1492.96,490,96.5,51,3.4,35.7,Summer,1,6346,1.96,6925.96
P1792,Fashion,South,1449.36,9619.65,226,56.0,19,3.3,20.1,Festival,1,4417,1.83,1884.17
P1793,Beauty,West,8042.02,5273.37,95,76.1,120,3.9,25.8,Winter,0,9988,0.84,8183.2
P1794,Home & Kitchen,South,8657.49,4860.87,171,47.0,225,3.2,8.4,Monsoon,1,4028,1.94,7538.12
P1795,Electronics,North,1676.74,572.67,451,42.0,66,2.8,16.7,Festival,1,4540,1.68,1376.58
P1796,Beauty,North,8545.62,7699.53,211,46.6,141,4.1,34.5,Regular,1,902,1.72,7870.9
P1797,Books,West,9916.24,5629.66,286,46.8,189,4.6,8.5,Summer,0,6427,0.33,8977.91
P1798,Electronics,West,7323.02,2265.48,69,59.0,158,4.8,15.6,Summer,1,9953,1.92,6609.69
P1799,Fashion,North,7890.74,1315.96,380,58.9,98,4.9,12.7,Monsoon,1,6551,1.62,6000.47
P1800,Books,South,9945.27,4136.56,8,54.7,158,4.5,6.0,Winter,0,8164,1.61,9627.16
P1801,Electronics,North,6133.72,8819.51,161,22.1,246,2.8,11.6,Festival,1,8478,0.44,6865.21
P1802,Books,West,3217.29,9109.84,253,54.6,236,4.6,9.3,Festival,0,1106,0.7,4182.48
P1803,Fashion,North,8407.8,6401.37,261,25.2,33,3.5,36.9,Festival,0,2310,1.94,8330.6
P1804,Home & Kitchen,West,6221.96,7688.18,239,21.4,241,4.3,29.6,Winter,1,9267,1.15,6239.65
P1805,Fashion,West,5895.72,1368.41,310,93.9,275,3.8,12.6,Winter,1,958,0.98,5327.35
P1806,Fashion,North,2685.63,6249.46,370,64.4,71,4.6,30.5,Winter,0,499,1.73,3491.32
P1807,Books,South,7612.08,7063.09,474,69.4,216,3.6,0.9,Monsoon,0,618,0.45,7360.52
P1808,Sports,East,1000.34,2251.36,399,46.2,79,2.7,21.1,Summer,1,3548,1.01,1251.33
P1809,Beauty,North,9258.01,9263.2,78,91.8,169,3.9,10.0,Regular,1,5920,0.94,10352.21
P1810,Beauty,East,3393.07,2192.37,191,67.4,298,2.9,4.6,Winter,0,1358,0.89,3401.69
P1811,Home & Kitchen,North,1452.19,3415.09,66,79.2,180,4.9,35.4,Summer,0,767,0.82,1887.85
P1812,Home & Kitchen,East,4535.19,6584.15,341,43.2,116,3.8,8.0,Winter,1,9211,0.66,4991.41
P1813,Beauty,South,616.21,6767.77,168,96.4,260,3.9,32.9,Regular,0,3395,0.59,801.07
P1814,Sports,South,6909.34,7397.65,60,83.8,260,4.8,16.5,Winter,1,7264,1.39,8241.32
P1815,Beauty,North,9046.51,1335.96,115,86.9,5,4.1,0.6,Summer,0,7732,1.86,8168.96
P1816,Sports,West,8405.18,8946.47,222,25.5,297,3.3,29.3,Monsoon,0,2768,1.17,8242.96
P1817,Home & Kitchen,East,1448.22,5678.98,244,34.4,108,3.2,23.9,Regular,0,9145,0.81,1882.69
P1818,Electronics,West,1437.46,5044.04,25,35.7,117,3.8,13.8,Summer,0,9692,0.57,1868.7
P1819,Books,West,8171.66,10304.93,145,34.4,13,4.7,11.3,Festival,1,1505,1.71,9023.77
P1820,Home & Kitchen,West,9257.69,7820.7,269,87.0,142,4.5,2.9,Festival,1,7347,1.95,10473.96
P1821,Home & Kitchen,South,4714.56,1397.82,143,12.9,188,4.9,37.7,Festival,1,7085,0.89,3862.92
P1822,Fashion,North,5089.92,7987.48,463,16.8,281,2.7,19.8,Monsoon,1,4280,0.79,5197.7
P1823,Fashion,North,3318.97,1162.97,74,34.7,115,3.2,3.4,Winter,0,581,1.32,3086.39
P1824,Fashion,South,8963.8,463.5,389,28.0,236,2.7,34.7,Winter,1,2317,1.62,6722.85
P1825,Books,South,6520.05,4345.42,122,30.9,10,4.4,11.2,Winter,0,382,1.07,6310.55
P1826,Fashion,North,3024.87,10433.73,202,81.8,199,2.9,8.1,Monsoon,0,5299,1.37,3932.33
P1827,Sports,West,3128.07,1984.8,209,60.7,252,2.7,11.2,Festival,0,7249,1.52,3129.25
P1828,Beauty,East,8933.76,7121.69,218,10.5,50,3.9,22.6,Winter,1,5771,1.93,7586.29
P1829,Electronics,East,333.61,1969.45,60,48.6,142,3.5,3.0,Monsoon,1,9563,0.58,433.69
P1830,Home & Kitchen,East,3362.72,7659.8,291,46.7,271,4.3,19.3,Monsoon,1,8062,2.0,4371.54
P1831,Sports,West,5632.7,5395.25,474,20.3,16,3.7,35.8,Summer,0,7978,0.97,5081.94
P1832,Electronics,North,1652.53,7197.31,297,70.9,2,3.6,7.5,Winter,0,9950,1.53,2148.29
P1833,Sports,South,1102.57,2273.65,179,73.2,158,3.6,13.2,Festival,0,6550,1.27,1433.34
P1834,Sports,North,8189.71,7874.88,351,74.9,30,4.7,15.8,Regular,0,450,1.13,7809.95
P1835,Home & Kitchen,West,8965.16,10454.79,374,75.6,82,3.5,23.4,Monsoon,0,7089,1.49,9544.51
P1836,Beauty,South,8271.34,7049.51,466,10.0,31,3.3,36.8,Summer,1,4041,0.97,6972.64
P1837,Fashion,West,9008.12,5272.71,132,95.9,236,3.3,15.8,Regular,1,9720,0.51,8464.62
P1838,Books,East,5620.5,9707.16,435,83.3,148,3.0,2.8,Monsoon,0,1107,1.13,6762.92
P1839,Beauty,East,8160.13,343.59,382,91.4,177,4.7,13.9,Summer,0,7983,1.19,6627.86
P1840,Books,West,3963.62,7712.81,329,11.4,35,2.9,7.6,Winter,1,3043,0.64,4622.01
P1841,Home & Kitchen,South,6729.43,9351.86,446,94.0,23,4.8,26.1,Summer,1,8283,1.89,7504.91
P1842,Home & Kitchen,South,9890.59,816.48,296,82.9,106,3.2,1.2,Monsoon,1,76,0.69,8058.39
P1843,Home & Kitchen,North,2412.13,4824.66,292,85.3,97,4.7,11.7,Winter,0,3583,1.0,3135.77
P1844,Electronics,East,4021.02,2292.7,230,18.4,230,4.5,21.8,Festival,0,2668,0.56,3801.1
P1845,Books,North,4904.46,6026.47,68,76.5,227,4.0,11.1,Summer,1,9412,1.21,5835.22
P1846,Beauty,North,1552.55,6883.28,459,96.4,100,4.2,22.0,Regular,0,6689,0.82,2018.32
P1847,Beauty,West,994.18,3303.07,430,71.1,55,3.3,4.6,Winter,1,6679,1.13,1292.43
P1848,Sports,West,8331.28,4927.01,52,61.4,195,3.9,37.7,Winter,0,7677,0.68,8652.26
P1849,Sports,North,9772.58,3062.78,206,95.1,8,3.2,11.6,Festival,0,7092,0.39,9926.99
P1850,Sports,East,4166.31,3992.12,341,49.9,128,3.5,36.9,Summer,1,8952,1.62,4164.24
P1851,Home & Kitchen,West,1058.97,1826.45,418,63.9,32,4.4,13.0,Regular,0,2068,1.39,1212.35
P1852,Beauty,North,844.96,9318.97,409,52.9,93,3.1,31.3,Festival,1,4928,0.88,1098.45
P1853,Books,North,8934.92,283.31,64,94.0,7,4.6,9.8,Summer,0,2948,0.38,8358.84
P1854,Home & Kitchen,North,4745.38,9286.46,401,16.8,258,3.4,26.8,Regular,1,6125,1.77,5137.86
P1855,Electronics,North,3336.27,6079.73,261,55.1,220,3.8,12.9,Regular,0,2097,0.59,4118.49
P1856,Sports,North,4869.32,3602.71,69,71.8,240,4.9,20.4,Monsoon,0,5252,1.88,5194.17
P1857,Home & Kitchen,North,3319.38,7641.95,243,81.3,106,4.2,27.0,Regular,0,1608,1.11,4315.19
P1858,Home & Kitchen,West,4992.55,5420.0,293,62.5,36,4.1,23.6,Summer,1,1772,0.88,5167.52
P1859,Electronics,East,8623.65,5330.8,42,91.8,45,4.3,23.1,Festival,1,4102,1.56,9591.94
P1860,Fashion,North,6004.55,1316.67,29,94.8,298,4.8,2.6,Festival,0,1701,1.79,6557.37
P1861,Beauty,South,7007.61,4199.81,414,15.8,9,3.1,10.0,Monsoon,0,5272,0.93,5526.91
P1862,Books,West,3773.77,2667.78,465,46.2,87,4.0,22.9,Summer,1,1828,0.99,3285.73
P1863,Fashion,West,7437.36,341.98,63,12.1,177,3.5,0.7,Regular,1,733,1.04,5578.02
P1864,Sports,North,6732.85,3896.23,480,39.6,130,2.5,10.0,Monsoon,1,9521,1.87,5263.69
P1865,Home & Kitchen,West,1371.71,1106.96,421,58.3,195,2.8,9.2,Winter,1,2060,1.48,1253.19
P1866,Electronics,North,5811.9,2830.49,361,92.0,11,3.3,10.0,Summer,0,9457,0.72,5336.75
P1867,Electronics,East,2716.09,1134.77,387,86.2,122,3.9,21.4,Monsoon,0,2632,0.61,2364.62
P1868,Beauty,East,8080.14,1221.72,301,21.5,235,4.7,23.3,Festival,0,8555,0.69,6663.2
P1869,Fashion,West,4374.19,2233.8,162,18.4,31,4.5,36.4,Monsoon,1,7493,0.75,3547.65
P1870,Beauty,West,9947.9,10498.44,61,63.0,224,3.9,15.4,Winter,0,5542,0.69,11839.61
P1871,Home & Kitchen,South,1106.5,202.54,437,57.9,153,2.7,37.1,Summer,0,493,1.42,850.32
P1872,Beauty,West,7847.41,6771.1,52,34.0,212,3.2,26.1,Monsoon,1,1721,0.5,7778.14
P1873,Books,South,6802.28,1637.63,332,91.0,92,3.4,36.5,Regular,0,3316,0.96,6091.02
P1874,Electronics,East,7721.49,9680.88,437,93.5,129,4.1,33.3,Summer,1,7475,1.36,8306.26
P1875,Electronics,East,3213.79,1146.29,435,46.2,197,2.7,27.5,Monsoon,1,5959,0.79,2417.93
P1876,Sports,North,5022.13,10036.25,60,90.1,42,3.8,14.2,Monsoon,1,7064,0.41,6528.77
P1877,Sports,East,8005.78,6484.76,69,44.6,228,4.8,9.6,Summer,0,5529,0.44,8410.33
P1878,Home & Kitchen,South,2478.91,193.09,272,76.3,194,4.3,8.9,Festival,0,7869,0.51,2309.05
P1879,Books,West,2415.13,9406.15,73,52.8,18,4.5,38.1,Regular,1,5191,1.72,3139.67
P1880,Fashion,North,5600.3,5564.07,220,21.0,243,4.2,38.3,Summer,0,765,1.42,5193.69
P1881,Beauty,South,5330.92,2890.75,394,93.5,276,3.0,29.0,Regular,0,941,0.41,4788.01
P1882,Home & Kitchen,West,2966.17,8098.32,93,50.9,127,2.8,35.4,Regular,1,3857,0.96,3856.02
P1883,Sports,North,3121.14,9743.19,453,76.1,75,4.6,36.8,Summer,0,550,0.77,4057.48
P1884,Beauty,East,2922.88,5171.69,285,43.0,62,4.2,20.5,Monsoon,1,2690,1.28,3260.7
P1885,Sports,South,7760.82,3436.51,261,11.7,288,3.9,25.2,Festival,1,9595,1.19,6452.72
P1886,Beauty,West,6588.63,8321.91,164,19.0,186,3.0,16.8,Regular,0,8944,1.12,6684.79
P1887,Fashion,North,8357.69,7216.03,494,54.7,178,4.0,16.7,Regular,0,2383,0.83,7577.15
P1888,Home & Kitchen,North,9759.64,9351.93,238,72.1,166,2.6,1.5,Monsoon,0,2244,0.53,9791.09
P1889,Beauty,East,4846.81,7326.74,135,40.1,183,2.8,17.4,Summer,0,6987,1.56,5593.25
P1890,Books,West,853.6,2693.21,53,72.6,28,3.3,26.9,Festival,1,8625,1.8,1109.68
P1891,Electronics,East,671.3,9794.72,151,72.9,247,3.6,16.9,Regular,0,9127,1.91,872.69
P1892,Books,East,3097.52,1261.9,320,73.4,22,2.8,34.9,Regular,0,1641,0.4,2841.43
P1893,Books,West,9338.94,2945.17,495,54.3,96,2.8,13.3,Summer,1,5109,1.56,7149.61
P1894,Electronics,West,5327.49,5548.41,417,92.3,122,4.3,5.3,Monsoon,0,4448,1.54,5517.27
P1895,Books,West,2863.51,6018.46,438,54.0,250,3.9,32.5,Winter,0,4490,1.91,3597.02
P1896,Beauty,South,4111.83,338.01,6,50.5,137,3.8,27.0,Monsoon,1,1833,0.73,3302.29
P1897,Beauty,West,6066.23,8235.51,333,27.9,277,3.6,9.7,Regular,0,5435,1.56,6377.98
P1898,Beauty,North,6598.91,3911.79,444,37.7,61,4.9,21.5,Regular,1,4167,0.39,5222.38
P1899,Electronics,East,1708.41,4374.24,149,13.8,250,2.6,16.1,Festival,1,7032,1.37,2220.93
P1900,Books,South,9774.91,8532.69,448,67.0,95,3.0,37.6,Monsoon,1,2633,0.9,9118.26
P1901,Electronics,West,5538.77,4094.2,370,32.4,296,4.1,24.3,Winter,1,9971,1.61,4573.53
P1902,Beauty,South,1529.75,667.36,424,37.4,184,2.8,6.3,Festival,0,8504,1.77,1352.54
P1903,Books,West,8957.63,2000.86,65,79.4,260,4.0,20.1,Winter,1,2480,0.92,8595.05
P1904,Books,South,931.46,10044.92,277,39.4,287,3.9,34.5,Festival,1,5719,1.19,1210.9
P1905,Sports,East,9095.81,906.58,53,31.8,155,4.9,26.9,Monsoon,0,7110,0.5,7592.54
P1906,Sports,East,9966.34,3842.89,336,25.2,186,4.7,33.7,Regular,0,8633,1.01,7809.35
P1907,Fashion,North,7064.23,5372.81,448,79.7,69,4.9,10.0,Winter,1,2986,0.91,6824.88
P1908,Home & Kitchen,North,7750.38,5270.66,408,21.7,261,2.8,35.5,Monsoon,0,8781,0.61,6365.53
P1909,Sports,West,3505.57,220.87,438,50.8,115,4.7,30.2,Winter,1,9357,1.82,2629.18
P1910,Electronics,East,9427.45,5352.0,135,55.6,8,2.8,29.2,Monsoon,0,6759,0.55,8543.06
P1911,Sports,South,5391.2,4140.53,47,71.9,265,4.1,13.9,Festival,0,9125,1.38,6347.77
P1912,Fashion,South,7377.41,10211.86,61,67.0,271,4.3,35.5,Monsoon,0,4373,1.81,9134.03
P1913,Books,South,9256.26,1822.52,54,83.0,249,2.9,25.5,Festival,0,6666,1.85,9897.97
P1914,Fashion,North,9756.76,3834.87,456,14.0,105,4.1,34.1,Regular,0,2469,1.65,7317.57
P1915,Books,South,8365.4,4509.05,469,36.7,263,2.6,14.4,Festival,0,1449,0.6,7616.12
P1916,Books,North,3169.57,4211.96,182,35.2,224,3.2,5.8,Summer,0,9818,1.69,3497.78
P1917,Home & Kitchen,North,9672.17,7051.37,297,23.1,271,4.8,13.3,Regular,1,2134,0.77,8171.18
P1918,Sports,West,6355.57,2404.09,50,36.0,165,2.9,18.2,Monsoon,1,7854,1.87,5705.06
P1919,Electronics,South,9320.3,2461.46,174,37.9,83,2.7,21.3,Monsoon,1,7037,1.51,7215.84
P1920,Electronics,South,6825.83,7705.46,275,57.0,295,3.6,20.4,Summer,0,5206,1.63,7241.78
P1921,Beauty,East,3210.94,5343.0,421,69.7,134,4.6,21.8,Monsoon,0,5359,0.44,3675.72
P1922,Books,West,3826.24,4464.41,340,44.3,211,2.7,33.7,Regular,0,1585,1.29,3859.32
P1923,Electronics,East,5594.62,1926.18,143,74.8,92,3.4,6.8,Regular,0,4803,1.7,4951.74
P1924,Home & Kitchen,West,7942.15,2115.28,251,40.3,127,4.7,12.6,Festival,0,8331,1.76,7106.49
P1925,Books,South,3316.23,288.89,152,36.1,191,2.8,35.5,Winter,0,7098,0.35,2609.22
P1926,Home & Kitchen,North,5881.37,1123.52,234,58.7,159,3.3,22.4,Monsoon,0,4240,1.9,4973.19
P1927,Electronics,North,3587.12,5926.58,284,12.1,10,4.4,23.3,Summer,0,1704,0.37,4006.81
P1928,Electronics,North,8194.54,9384.13,129,17.2,107,3.9,19.1,Regular,0,7603,1.34,7921.54
P1929,Beauty,North,4773.94,3143.54,196,47.6,87,4.6,22.0,Regular,1,7502,1.48,4185.92
P1930,Electronics,North,951.88,3562.35,378,94.9,67,2.8,7.9,Regular,0,8607,0.48,1237.44
P1931,Books,East,1827.31,1373.05,84,74.9,62,4.8,21.9,Winter,1,4010,0.38,1841.75
P1932,Books,West,798.83,4190.67,98,17.9,146,4.8,39.9,Winter,0,6884,1.63,1038.48
P1933,Books,South,5093.17,564.13,230,86.2,153,2.9,22.6,Monsoon,0,5141,0.95,4386.72
P1934,Beauty,East,1242.11,9649.64,69,75.9,107,2.6,1.8,Summer,0,568,0.48,1614.74
P1935,Beauty,West,1318.57,7126.51,92,65.0,148,5.0,31.9,Winter,0,3760,1.6,1714.14
P1936,Electronics,North,9422.27,10404.53,92,83.8,186,3.7,15.9,Festival,1,879,1.74,10778.94
P1937,Fashion,West,8752.02,9290.74,205,46.4,178,3.9,6.1,Winter,0,6677,1.3,9173.62
P1938,Fashion,West,4630.45,5061.26,218,29.9,266,4.0,34.5,Regular,0,8512,0.57,4510.05
P1939,Beauty,North,9860.89,5543.15,208,56.1,149,4.5,7.9,Summer,0,8038,0.33,9202.75
P1940,Electronics,North,201.83,2146.74,405,59.4,247,4.5,36.8,Monsoon,0,3036,1.49,262.38
P1941,Fashion,North,6217.0,4948.25,386,58.4,254,3.0,17.7,Winter,1,6825,1.24,5738.04
P1942,Electronics,South,6241.0,9499.25,93,60.9,29,3.1,29.7,Regular,0,6740,1.41,7193.62
P1943,Electronics,North,4682.94,704.81,480,95.4,266,4.7,21.9,Festival,0,4864,1.68,4209.94
P1944,Electronics,South,4090.09,9091.91,65,91.2,13,4.5,10.3,Festival,0,9249,1.04,5317.12
P1945,Sports,North,4662.75,3698.58,275,88.8,47,4.0,26.8,Monsoon,0,8846,0.51,4794.19
P1946,Books,South,4266.61,9462.97,98,82.1,151,5.0,38.3,Monsoon,0,226,1.9,5546.59
P1947,Electronics,West,7358.83,9889.88,311,94.9,50,4.3,30.8,Winter,0,9956,1.23,9034.88
P1948,Sports,East,1526.48,7103.33,31,18.9,215,3.0,24.2,Monsoon,0,8878,1.35,1984.42
P1949,Beauty,West,2136.86,7036.85,218,33.9,132,4.6,39.6,Regular,1,6220,1.89,2777.92
P1950,Fashion,West,1969.08,4852.42,78,54.6,113,3.5,10.6,Regular,1,2673,1.88,2559.8
P1951,Books,North,2772.21,8802.78,65,86.2,252,2.6,2.5,Regular,0,2828,1.27,3603.87
P1952,Fashion,South,5347.53,10103.84,190,55.5,53,3.3,1.3,Winter,0,3802,0.81,6910.66
P1953,Books,East,1289.85,8178.84,35,77.3,130,4.4,28.4,Winter,0,8902,2.0,1676.8
P1954,Fashion,North,8708.06,6598.39,223,22.5,193,4.9,33.2,Monsoon,1,4415,1.46,7589.16
P1955,Books,North,3114.14,6442.1,16,32.7,79,3.2,25.4,Winter,0,4390,0.99,4048.38
P1956,Fashion,North,1792.87,8946.53,306,75.9,57,3.1,36.2,Regular,1,4805,1.25,2330.73
P1957,Fashion,West,6821.09,5765.22,419,24.8,97,3.9,27.9,Summer,0,8326,1.01,6065.48
P1958,Fashion,South,573.25,8475.83,36,41.6,198,4.5,14.8,Regular,0,3720,1.81,745.22
P1959,Fashion,South,6275.69,5431.7,164,33.8,135,4.4,7.3,Summer,1,9148,1.12,5774.35
P1960,Beauty,East,7042.34,824.42,493,41.5,147,3.9,37.0,Monsoon,0,3571,1.7,5281.76
P1961,Electronics,South,2306.18,4142.33,241,73.7,172,4.1,4.1,Festival,0,1925,1.73,2998.03
P1962,Home & Kitchen,South,611.25,4766.63,231,43.1,63,3.1,21.7,Winter,0,4008,1.7,794.62
P1963,Sports,North,3763.72,1641.49,185,60.0,65,3.6,12.6,Winter,0,2186,1.53,3386.54
P1964,Home & Kitchen,North,1166.22,1237.76,321,19.0,295,3.1,10.9,Regular,1,9095,1.75,1060.88
P1965,Home & Kitchen,West,1341.48,5706.0,50,82.5,211,4.7,25.8,Regular,1,556,0.96,1743.92
P1966,Books,North,2691.76,1058.68,345,43.3,109,2.8,9.2,Summer,0,8649,0.49,2301.61
P1967,Electronics,North,3095.59,3306.39,462,68.4,282,4.2,36.7,Winter,0,5440,1.73,3190.86
P1968,Books,North,5393.71,7864.24,84,75.3,172,3.2,16.2,Monsoon,0,8765,1.15,6357.41
P1969,Electronics,North,6848.24,10132.94,139,28.9,12,3.7,27.1,Regular,1,5663,0.52,7065.06
P1970,Electronics,West,6009.16,7588.42,264,89.6,220,3.2,29.1,Winter,0,6800,0.5,7242.2
P1971,Fashion,North,1653.93,10423.9,479,65.5,286,3.3,27.3,Festival,0,3100,0.57,2150.11
P1972,Beauty,East,1886.44,7386.85,312,48.6,172,3.2,36.1,Summer,0,7142,1.58,2452.37
P1973,Fashion,East,8811.94,3211.96,251,26.4,236,4.4,9.2,Regular,0,2447,1.51,7137.2
P1974,Beauty,East,5671.85,7115.58,477,94.8,166,3.4,3.4,Regular,1,7962,0.65,6108.09
P1975,Books,East,8725.39,7426.26,163,78.0,187,4.3,2.2,Monsoon,1,8569,1.74,8972.16
P1976,Beauty,North,3841.16,4016.22,207,28.7,170,3.6,35.1,Regular,0,1359,0.78,3696.11
P1977,Books,East,6221.12,362.81,116,40.4,52,3.9,38.9,Winter,1,7252,1.65,4903.98
P1978,Home & Kitchen,North,5331.9,7437.02,472,82.9,189,3.9,12.1,Winter,0,7750,1.13,6154.06
P1979,Home & Kitchen,West,3327.41,403.94,296,72.6,120,4.9,27.7,Winter,0,4768,1.54,2964.41
P1980,Beauty,East,4805.17,6693.86,442,78.9,105,3.4,0.4,Festival,0,6000,0.95,5818.34
P1981,Beauty,South,5124.41,1868.52,314,49.7,162,3.0,7.5,Festival,0,805,0.89,4770.46
P1982,Books,East,2167.56,6017.03,123,74.5,295,4.8,27.6,Regular,1,195,1.73,2817.83
P1983,Fashion,East,3287.1,5380.38,387,44.8,41,2.9,2.6,Festival,1,5166,0.36,3720.15
P1984,Books,North,7955.82,319.46,21,29.0,165,4.6,18.7,Festival,0,3624,1.96,6904.7
P1985,Fashion,East,9174.72,3924.78,497,66.9,160,2.9,26.5,Monsoon,0,9869,1.4,7629.34
P1986,Home & Kitchen,South,3725.98,6383.26,335,97.8,264,4.1,30.6,Festival,0,4973,1.04,4843.77
P1987,Electronics,North,3208.33,8937.62,418,38.0,18,2.9,18.2,Summer,1,1908,1.37,4170.83
P1988,Beauty,North,2112.93,9350.79,231,51.5,173,4.8,25.2,Summer,1,4772,0.51,2746.81
P1989,Fashion,West,6849.21,5173.33,365,70.7,33,3.9,21.6,Summer,0,3648,1.17,6580.2
P1990,Books,West,3366.38,7697.32,490,58.7,261,3.3,2.1,Regular,1,679,1.97,4161.21
P1991,Home & Kitchen,East,9879.95,3445.81,410,85.9,210,2.9,29.7,Winter,1,3568,0.7,8759.57
P1992,Fashion,West,3391.71,3711.36,121,78.6,164,3.4,6.9,Monsoon,0,6608,1.53,3686.23
P1993,Books,West,4062.53,2186.86,47,15.2,5,4.3,1.3,Regular,0,4402,1.04,3692.58
P1994,Beauty,West,6112.68,5979.3,372,99.9,34,3.5,18.0,Winter,0,7479,1.41,6548.78
P1995,Beauty,North,8056.51,3426.3,119,77.7,280,3.1,34.6,Monsoon,0,9146,0.65,7428.82
P1996,Sports,North,4801.28,1050.71,287,87.8,145,3.9,6.0,Monsoon,0,5605,1.1,4355.8
P1997,Electronics,North,4342.03,7249.26,41,68.6,71,3.5,0.5,Monsoon,0,8047,1.97,5636.08
P1998,Sports,West,9957.25,7484.01,306,87.1,230,2.9,4.4,Summer,0,157,0.63,10599.6
P1999,Home & Kitchen,North,302.84,3895.12,117,20.1,125,2.9,14.5,Summer,1,9284,1.38,393.69
P2000,Fashion,West,8971.64,971.79,39,41.3,278,4.3,23.2,Summer,0,9630,1.28,7627.63
